Order Date,Category,Sales
2014-01-03,Office Supplies,16.448
2014-01-04,Office Supplies,288.06
2014-01-05,Office Supplies,19.536
2014-01-06,Furniture,2573.82
2014-01-06,Office Supplies,685.34
2014-01-06,Technology,1147.94
2014-01-07,Furniture,76.728
2014-01-07,Office Supplies,10.43
2014-01-09,Office Supplies,9.344
2014-01-09,Technology,31.2
2014-01-10,Furniture,51.94
2014-01-10,Office Supplies,2.89
2014-01-11,Furniture,9.94
2014-01-13,Furniture,879.9390000000001
2014-01-13,Office Supplies,2027.116
2014-01-13,Technology,646.74
2014-01-14,Furniture,61.96
2014-01-15,Technology,149.95
2014-01-16,Furniture,127.104
2014-01-16,Office Supplies,48.66
2014-01-16,Technology,124.2
2014-01-18,Office Supplies,64.864
2014-01-19,Furniture,181.47
2014-01-19,Office Supplies,197.124
2014-01-20,Furniture,1413.51
2014-01-20,Office Supplies,560.4300000000001
2014-01-20,Technology,699.93
2014-01-21,Furniture,25.248
2014-01-23,Office Supplies,46.019999999999996
2014-01-26,Furniture,217.2
2014-01-26,Office Supplies,536.72
2014-01-26,Technology,343.33
2014-01-27,Furniture,333.0
2014-01-27,Office Supplies,93.66999999999999
2014-01-28,Office Supplies,3.928
2014-01-30,Office Supplies,240.5
2014-01-31,Furniture,290.666
2014-02-01,Technology,468.9
2014-02-02,Office Supplies,30.686
2014-02-02,Technology,180.96
2014-02-03,Office Supplies,97.11200000000001
2014-02-04,Office Supplies,134.38400000000001
2014-02-06,Office Supplies,23.951999999999998
2014-02-06,Technology,306.56
2014-02-07,Office Supplies,64.96
2014-02-07,Technology,115.36
2014-02-08,Furniture,14.56
2014-02-11,Furniture,1650.05
2014-02-11,Office Supplies,158.89999999999998
2014-02-11,Technology,234.45
2014-02-12,Furniture,129.568
2014-02-14,Office Supplies,336.756
2014-02-14,Technology,239.97
2014-02-15,Office Supplies,21.36
2014-02-16,Office Supplies,9.04
2014-02-17,Office Supplies,54.208
2014-02-18,Furniture,25.16
2014-02-18,Office Supplies,12.624
2014-02-20,Furniture,20.32
2014-02-20,Office Supplies,12.96
2014-02-20,Technology,62.31
2014-02-21,Office Supplies,8.85
2014-02-22,Office Supplies,19.44
2014-02-23,Office Supplies,11.364
2014-02-24,Office Supplies,55.672
2014-02-27,Office Supplies,19.456
2014-03-01,Furniture,1893.995
2014-03-01,Office Supplies,303.216
2014-03-01,Technology,5.94
2014-03-02,Office Supplies,51.184
2014-03-02,Technology,151.2
2014-03-03,Furniture,928.8019999999999
2014-03-03,Office Supplies,407.1
2014-03-03,Technology,9.99
2014-03-04,Office Supplies,370.452
2014-03-05,Office Supplies,225.59199999999998
2014-03-05,Technology,479.97
2014-03-07,Furniture,966.9839999999999
2014-03-07,Office Supplies,594.078
2014-03-10,Office Supplies,741.956
2014-03-11,Furniture,8.32
2014-03-11,Office Supplies,289.064
2014-03-11,Technology,620.9300000000001
2014-03-14,Furniture,1139.92
2014-03-14,Office Supplies,310.91999999999996
2014-03-14,Technology,657.7099999999999
2014-03-15,Furniture,45.696
2014-03-15,Office Supplies,325.086
2014-03-16,Technology,471.92
2014-03-17,Furniture,3265.23
2014-03-17,Office Supplies,695.1279999999999
2014-03-18,Furniture,1462.4499999999998
2014-03-18,Office Supplies,1904.518
2014-03-18,Technology,24739.748
2014-03-19,Furniture,25.008
2014-03-19,Office Supplies,71.538
2014-03-19,Technology,494.216
2014-03-21,Furniture,251.328
2014-03-21,Office Supplies,358.558
2014-03-21,Technology,3499.93
2014-03-22,Furniture,314.352
2014-03-22,Office Supplies,149.741
2014-03-23,Office Supplies,340.31199999999995
2014-03-23,Technology,604.752
2014-03-24,Furniture,40.48
2014-03-24,Office Supplies,24.9
2014-03-25,Furniture,366.786
2014-03-25,Office Supplies,46.879999999999995
2014-03-25,Technology,45.48
2014-03-26,Office Supplies,50.046
2014-03-26,Technology,95.084
2014-03-28,Furniture,1515.308
2014-03-28,Office Supplies,6.12
2014-03-28,Technology,302.376
2014-03-29,Furniture,890.841
2014-03-30,Furniture,332.968
2014-03-30,Office Supplies,585.4100000000001
2014-03-30,Technology,251.944
2014-03-31,Furniture,1125.488
2014-03-31,Office Supplies,754.0799999999999
2014-03-31,Technology,79.984
2014-04-01,Office Supplies,119.88799999999999
2014-04-02,Furniture,177.68
2014-04-02,Office Supplies,230.948
2014-04-02,Technology,1049.93
2014-04-03,Office Supplies,11.16
2014-04-03,Technology,222.29
2014-04-04,Furniture,5.47
2014-04-04,Office Supplies,370.394
2014-04-04,Technology,99.98
2014-04-05,Office Supplies,5266.108
2014-04-05,Technology,28.99
2014-04-06,Furniture,933.384
2014-04-06,Office Supplies,266.652
2014-04-06,Technology,450.654
2014-04-07,Furniture,8.96
2014-04-07,Office Supplies,181.29
2014-04-07,Technology,830.9200000000001
2014-04-08,Furniture,1487.622
2014-04-08,Office Supplies,71.168
2014-04-08,Technology,399.96
2014-04-11,Office Supplies,113.94399999999999
2014-04-11,Technology,1801.2959999999998
2014-04-12,Furniture,308.499
2014-04-12,Office Supplies,90.168
2014-04-12,Technology,1513.456
2014-04-13,Office Supplies,566.648
2014-04-13,Technology,71.928
2014-04-15,Furniture,187.76
2014-04-15,Office Supplies,106.96
2014-04-16,Office Supplies,39.072
2014-04-18,Furniture,317.058
2014-04-18,Office Supplies,187.53
2014-04-18,Technology,515.944
2014-04-19,Furniture,76.14
2014-04-19,Office Supplies,129.32999999999998
2014-04-20,Furniture,1205.61
2014-04-20,Office Supplies,44.84
2014-04-21,Office Supplies,845.36
2014-04-22,Office Supplies,257.752
2014-04-23,Furniture,585.08
2014-04-23,Office Supplies,58.9
2014-04-25,Furniture,1790.29
2014-04-25,Office Supplies,287.32800000000003
2014-04-25,Technology,302.376
2014-04-26,Furniture,230.28
2014-04-26,Office Supplies,52.288
2014-04-28,Office Supplies,738.5360000000001
2014-04-28,Technology,1839.94
2014-04-29,Furniture,631.0039999999999
2014-04-29,Office Supplies,117.86
2014-04-29,Technology,19.98
2014-04-30,Office Supplies,1000.95
2014-04-30,Technology,47.79
2014-05-02,Office Supplies,26.136
2014-05-02,Technology,479.984
2014-05-03,Office Supplies,72.632
2014-05-04,Furniture,39.64
2014-05-04,Office Supplies,147.792
2014-05-05,Furniture,127.869
2014-05-05,Office Supplies,133.108
2014-05-06,Office Supplies,254.456
2014-05-07,Furniture,1066.5700000000002
2014-05-07,Office Supplies,24.78
2014-05-08,Technology,1799.97
2014-05-09,Office Supplies,158.70999999999998
2014-05-09,Technology,235.76999999999998
2014-05-10,Furniture,606.749
2014-05-10,Office Supplies,261.45
2014-05-10,Technology,1475.6
2014-05-11,Furniture,1279.0720000000001
2014-05-11,Office Supplies,157.962
2014-05-11,Technology,205.768
2014-05-12,Furniture,734.846
2014-05-13,Furniture,279.456
2014-05-13,Office Supplies,468.95599999999996
2014-05-13,Technology,149.97
2014-05-14,Furniture,310.88
2014-05-16,Furniture,232.88
2014-05-16,Technology,56.4
2014-05-17,Office Supplies,91.68
2014-05-18,Furniture,149.232
2014-05-18,Office Supplies,19.92
2014-05-18,Technology,779.796
2014-05-19,Office Supplies,91.62
2014-05-20,Furniture,150.192
2014-05-20,Office Supplies,149.128
2014-05-20,Technology,20.784
2014-05-21,Furniture,107.772
2014-05-21,Office Supplies,3538.586
2014-05-21,Technology,617.97
2014-05-22,Technology,180.93
2014-05-23,Office Supplies,268.57
2014-05-23,Technology,55.188
2014-05-24,Office Supplies,116.28
2014-05-25,Furniture,29.32
2014-05-25,Office Supplies,90.22
2014-05-26,Furniture,875.7339999999999
2014-05-26,Office Supplies,164.416
2014-05-26,Technology,285.568
2014-05-27,Furniture,567.12
2014-05-27,Office Supplies,376.78
2014-05-27,Technology,1213.494
2014-05-28,Office Supplies,136.96
2014-05-28,Technology,85.00800000000001
2014-05-30,Furniture,355.455
2014-05-30,Office Supplies,385.48199999999997
2014-05-30,Technology,1183.976
2014-05-31,Technology,773.7
2014-06-01,Furniture,2024.06
2014-06-01,Office Supplies,2282.5299999999997
2014-06-01,Technology,881.93
2014-06-02,Furniture,73.32
2014-06-02,Office Supplies,425.308
2014-06-02,Technology,239.97
2014-06-03,Furniture,577.424
2014-06-03,Office Supplies,163.912
2014-06-04,Furniture,424.48799999999994
2014-06-04,Office Supplies,31.784
2014-06-06,Furniture,991.764
2014-06-06,Office Supplies,382.237
2014-06-07,Furniture,268.935
2014-06-07,Office Supplies,12.462
2014-06-08,Furniture,755.904
2014-06-08,Office Supplies,1745.3600000000001
2014-06-09,Furniture,3233.7439999999997
2014-06-09,Office Supplies,338.712
2014-06-09,Technology,1890.5520000000001
2014-06-10,Office Supplies,491.55
2014-06-13,Office Supplies,14.52
2014-06-14,Furniture,212.94
2014-06-15,Furniture,897.862
2014-06-15,Office Supplies,45.111999999999995
2014-06-16,Furniture,647.84
2014-06-16,Office Supplies,115.952
2014-06-17,Furniture,6.24
2014-06-17,Office Supplies,3346.2920000000004
2014-06-17,Technology,65.97
2014-06-18,Technology,139.8
2014-06-20,Furniture,193.0656
2014-06-20,Office Supplies,1015.5
2014-06-20,Technology,620.384
2014-06-21,Furniture,107.994
2014-06-21,Office Supplies,255.92000000000002
2014-06-21,Technology,3743.529
2014-06-22,Furniture,1023.9879999999999
2014-06-22,Office Supplies,671.976
2014-06-22,Technology,279.534
2014-06-23,Office Supplies,23.119999999999997
2014-06-23,Technology,86.376
2014-06-24,Furniture,4.272
2014-06-25,Furniture,447.84
2014-06-25,Office Supplies,80.96000000000001
2014-06-25,Technology,263.96
2014-06-27,Furniture,85.98
2014-06-27,Office Supplies,306.2
2014-06-27,Technology,223.96
2014-06-28,Furniture,1228.465
2014-06-28,Office Supplies,417.32599999999996
2014-06-29,Office Supplies,46.68
2014-06-30,Office Supplies,739.624
2014-07-01,Office Supplies,25.104000000000003
2014-07-01,Technology,575.92
2014-07-02,Office Supplies,5.58
2014-07-02,Technology,73.98
2014-07-04,Office Supplies,247.40800000000002
2014-07-05,Furniture,232.73600000000002
2014-07-05,Office Supplies,731.398
2014-07-05,Technology,479.97
2014-07-06,Furniture,478.48
2014-07-06,Technology,559.992
2014-07-07,Furniture,241.19400000000002
2014-07-08,Furniture,566.37
2014-07-08,Office Supplies,196.704
2014-07-09,Furniture,119.833
2014-07-09,Office Supplies,145.688
2014-07-11,Furniture,979.0500000000001
2014-07-11,Office Supplies,269.368
2014-07-11,Technology,938.788
2014-07-12,Furniture,1333.846
2014-07-12,Office Supplies,346.39
2014-07-12,Technology,279.776
2014-07-13,Furniture,351.216
2014-07-14,Furniture,31.984
2014-07-14,Office Supplies,184.856
2014-07-14,Technology,75.75399999999999
2014-07-15,Office Supplies,6.54
2014-07-15,Technology,2.97
2014-07-18,Furniture,259.136
2014-07-18,Office Supplies,13.904
2014-07-19,Furniture,70.56
2014-07-19,Office Supplies,30.786
2014-07-19,Technology,359.98
2014-07-20,Furniture,1041.132
2014-07-20,Office Supplies,1202.714
2014-07-20,Technology,41.94
2014-07-21,Furniture,1732.346
2014-07-21,Office Supplies,193.156
2014-07-21,Technology,35.98
2014-07-22,Furniture,888.072
2014-07-22,Office Supplies,300.292
2014-07-22,Technology,159.98
2014-07-23,Office Supplies,58.1
2014-07-23,Technology,2555.084
2014-07-25,Furniture,77.92
2014-07-25,Office Supplies,8263.369999999999
2014-07-26,Furniture,919.448
2014-07-26,Office Supplies,2494.526
2014-07-26,Technology,1626.02
2014-07-27,Office Supplies,342.05999999999995
2014-07-27,Technology,238.0
2014-07-28,Furniture,129.888
2014-07-28,Office Supplies,63.264
2014-07-30,Furniture,1367.84
2014-08-01,Furniture,44.128
2014-08-01,Office Supplies,184.2
2014-08-02,Office Supplies,865.08
2014-08-02,Technology,21.2
2014-08-03,Furniture,218.75
2014-08-03,Office Supplies,259.244
2014-08-04,Office Supplies,2087.774
2014-08-04,Technology,655.38
2014-08-05,Furniture,1962.724
2014-08-05,Office Supplies,293.65
2014-08-05,Technology,152.35000000000002
2014-08-06,Technology,262.89
2014-08-08,Furniture,658.472
2014-08-08,Office Supplies,705.275
2014-08-08,Technology,2591.882
2014-08-09,Office Supplies,2116.965
2014-08-09,Technology,1488.7199999999998
2014-08-11,Furniture,12.35
2014-08-11,Office Supplies,439.27
2014-08-12,Furniture,85.44
2014-08-12,Office Supplies,509.066
2014-08-12,Technology,1237.874
2014-08-15,Furniture,195.136
2014-08-15,Office Supplies,647.646
2014-08-16,Furniture,853.092
2014-08-17,Office Supplies,160.382
2014-08-17,Technology,339.96
2014-08-19,Furniture,928.0600000000001
2014-08-19,Office Supplies,511.04600000000005
2014-08-20,Furniture,921.6120000000001
2014-08-20,Office Supplies,917.11
2014-08-22,Office Supplies,23.104
2014-08-23,Furniture,4.224
2014-08-23,Office Supplies,417.36
2014-08-23,Technology,143.64
2014-08-24,Furniture,13.28
2014-08-24,Office Supplies,46.46
2014-08-25,Furniture,6.28
2014-08-25,Office Supplies,342.326
2014-08-25,Technology,1103.0439999999999
2014-08-26,Furniture,10.68
2014-08-26,Office Supplies,29.36
2014-08-26,Technology,326.77
2014-08-27,Furniture,1232.06
2014-08-27,Office Supplies,44.64
2014-08-27,Technology,793.4300000000001
2014-08-29,Furniture,174.0585
2014-08-29,Office Supplies,658.264
2014-08-30,Office Supplies,121.24
2014-08-31,Technology,92.52
2014-09-01,Office Supplies,112.43599999999999
2014-09-01,Technology,357.0
2014-09-02,Furniture,70.71
2014-09-02,Office Supplies,1907.81
2014-09-02,Technology,1275.63
2014-09-03,Office Supplies,22.08
2014-09-05,Furniture,31.984
2014-09-05,Office Supplies,264.32
2014-09-06,Furniture,41.88
2014-09-06,Office Supplies,58.48
2014-09-07,Furniture,1714.5929999999998
2014-09-07,Office Supplies,651.076
2014-09-07,Technology,1158.2060000000001
2014-09-08,Furniture,3855.444
2014-09-08,Office Supplies,1692.2559999999999
2014-09-08,Technology,8680.728000000001
2014-09-09,Furniture,864.024
2014-09-09,Office Supplies,1679.3539999999998
2014-09-09,Technology,1500.21
2014-09-10,Furniture,1741.94
2014-09-10,Office Supplies,113.28800000000001
2014-09-11,Furniture,127.95
2014-09-12,Furniture,3825.852
2014-09-12,Office Supplies,936.202
2014-09-12,Technology,142.606
2014-09-13,Furniture,354.306
2014-09-13,Office Supplies,206.162
2014-09-13,Technology,714.94
2014-09-14,Furniture,629.78
2014-09-14,Office Supplies,1289.0159999999998
2014-09-14,Technology,3104.92
2014-09-15,Furniture,118.49600000000001
2014-09-15,Office Supplies,14.94
2014-09-16,Office Supplies,33.552
2014-09-17,Furniture,35.34
2014-09-17,Office Supplies,651.354
2014-09-17,Technology,133.829
2014-09-19,Furniture,961.0179999999999
2014-09-19,Office Supplies,172.694
2014-09-19,Technology,8204.925
2014-09-20,Furniture,3071.6400000000003
2014-09-20,Office Supplies,213.368
2014-09-20,Technology,2050.96
2014-09-21,Furniture,8.544
2014-09-21,Office Supplies,384.77
2014-09-21,Technology,2286.338
2014-09-22,Furniture,676.9680000000001
2014-09-22,Office Supplies,563.298
2014-09-23,Furniture,435.999
2014-09-23,Office Supplies,10142.354000000001
2014-09-23,Technology,83.984
2014-09-24,Office Supplies,211.96
2014-09-25,Furniture,300.5328
2014-09-25,Office Supplies,54.356
2014-09-26,Furniture,752.304
2014-09-26,Office Supplies,571.334
2014-09-26,Technology,156.976
2014-09-27,Furniture,691.4599999999999
2014-09-27,Office Supplies,81.98
2014-09-28,Furniture,337.088
2014-09-28,Office Supplies,153.20399999999998
2014-09-29,Furniture,3153.3880000000004
2014-09-29,Office Supplies,4269.362
2014-09-29,Technology,686.32
2014-09-30,Furniture,15.24
2014-09-30,Office Supplies,972.292
2014-10-01,Office Supplies,4.71
2014-10-02,Office Supplies,42.208
2014-10-02,Technology,555.936
2014-10-03,Furniture,555.8389999999999
2014-10-03,Office Supplies,164.356
2014-10-03,Technology,142.488
2014-10-04,Furniture,589.41
2014-10-04,Office Supplies,139.338
2014-10-05,Office Supplies,91.92
2014-10-05,Technology,99.98
2014-10-06,Office Supplies,485.62
2014-10-06,Technology,9.09
2014-10-07,Furniture,129.92
2014-10-07,Office Supplies,107.44
2014-10-08,Office Supplies,123.92
2014-10-08,Technology,23.472
2014-10-09,Office Supplies,233.368
2014-10-09,Technology,15.992
2014-10-10,Furniture,169.224
2014-10-10,Office Supplies,302.272
2014-10-10,Technology,1577.8899999999999
2014-10-11,Furniture,505.958
2014-10-11,Office Supplies,530.206
2014-10-11,Technology,345.0
2014-10-12,Office Supplies,58.53
2014-10-13,Furniture,1544.53
2014-10-13,Office Supplies,618.9119999999999
2014-10-13,Technology,48.74
2014-10-14,Furniture,1628.82
2014-10-14,Office Supplies,719.7040000000001
2014-10-14,Technology,2176.96
2014-10-15,Furniture,198.75600000000003
2014-10-15,Office Supplies,7.968
2014-10-16,Office Supplies,14.352
2014-10-16,Technology,179.97
2014-10-17,Furniture,5.312
2014-10-17,Office Supplies,10.78
2014-10-17,Technology,119.976
2014-10-18,Furniture,1151.22
2014-10-18,Office Supplies,588.746
2014-10-18,Technology,1394.95
2014-10-19,Office Supplies,201.97599999999997
2014-10-19,Technology,439.12800000000004
2014-10-20,Furniture,328.59
2014-10-20,Office Supplies,852.546
2014-10-20,Technology,319.968
2014-10-21,Furniture,1000.9100000000001
2014-10-21,Office Supplies,355.69199999999995
2014-10-22,Furniture,223.808
2014-10-24,Office Supplies,56.49
2014-10-25,Office Supplies,63.106
2014-10-25,Technology,40.776
2014-10-26,Furniture,63.92
2014-10-26,Technology,383.96
2014-10-27,Office Supplies,22.32
2014-10-28,Furniture,616.998
2014-10-28,Office Supplies,635.604
2014-10-28,Technology,257.98
2014-10-29,Office Supplies,75.88
2014-10-29,Technology,2737.9320000000002
2014-10-31,Furniture,3591.032
2014-10-31,Office Supplies,703.164
2014-10-31,Technology,1067.83
2014-11-01,Furniture,100.38399999999999
2014-11-01,Office Supplies,1512.912
2014-11-01,Technology,3118.784
2014-11-02,Furniture,89.34
2014-11-02,Office Supplies,417.02200000000005
2014-11-02,Technology,1620.008
2014-11-03,Furniture,1355.388
2014-11-03,Office Supplies,554.845
2014-11-03,Technology,873.9300000000001
2014-11-04,Furniture,744.9499999999999
2014-11-04,Office Supplies,206.566
2014-11-04,Technology,5742.232
2014-11-05,Furniture,443.50800000000004
2014-11-05,Office Supplies,1093.29
2014-11-05,Technology,157.766
2014-11-06,Office Supplies,43.68
2014-11-07,Furniture,683.144
2014-11-07,Office Supplies,765.998
2014-11-08,Technology,333.576
2014-11-09,Furniture,279.186
2014-11-09,Office Supplies,590.94
2014-11-09,Technology,703.968
2014-11-10,Furniture,657.0200000000001
2014-11-10,Office Supplies,733.01
2014-11-10,Technology,612.526
2014-11-11,Furniture,2071.424
2014-11-11,Office Supplies,4415.426
2014-11-11,Technology,1627.6979999999999
2014-11-12,Furniture,722.1852
2014-11-12,Office Supplies,125.08
2014-11-12,Technology,207.49599999999998
2014-11-14,Furniture,69.264
2014-11-14,Office Supplies,132.536
2014-11-14,Technology,832.93
2014-11-15,Furniture,10.11
2014-11-15,Office Supplies,998.2419999999998
2014-11-15,Technology,772.47
2014-11-16,Furniture,343.27049999999997
2014-11-16,Office Supplies,658.73
2014-11-16,Technology,353.928
2014-11-17,Furniture,5270.08
2014-11-17,Office Supplies,6174.214
2014-11-17,Technology,99.98
2014-11-18,Furniture,2191.732
2014-11-18,Office Supplies,665.571
2014-11-18,Technology,549.552
2014-11-19,Furniture,1025.88
2014-11-19,Office Supplies,639.02
2014-11-19,Technology,5561.186000000001
2014-11-20,Office Supplies,73.62
2014-11-20,Technology,833.94
2014-11-21,Office Supplies,849.682
2014-11-21,Technology,399.94
2014-11-22,Office Supplies,1103.298
2014-11-23,Furniture,1147.1
2014-11-23,Office Supplies,180.646
2014-11-23,Technology,35.534
2014-11-24,Furniture,1029.808
2014-11-24,Office Supplies,1884.662
2014-11-24,Technology,2664.136
2014-11-25,Furniture,2302.967
2014-11-25,Office Supplies,1548.136
2014-11-25,Technology,564.592
2014-11-26,Furniture,19.3
2014-11-26,Office Supplies,968.3940000000001
2014-11-26,Technology,718.296
2014-11-27,Furniture,199.9
2014-11-27,Office Supplies,3.76
2014-11-28,Furniture,808.932
2014-11-28,Office Supplies,333.118
2014-11-28,Technology,1138.78
2014-11-29,Office Supplies,73.124
2014-11-29,Technology,575.92
2014-11-30,Office Supplies,116.914
2014-11-30,Technology,102.24
2014-12-01,Furniture,4513.606
2014-12-01,Office Supplies,82.928
2014-12-01,Technology,1027.856
2014-12-02,Furniture,1282.8
2014-12-02,Office Supplies,243.298
2014-12-02,Technology,245.70999999999998
2014-12-03,Office Supplies,25.92
2014-12-03,Technology,479.96
2014-12-04,Technology,129.98
2014-12-05,Office Supplies,2170.252
2014-12-05,Technology,793.39
2014-12-06,Furniture,525.192
2014-12-06,Office Supplies,1410.746
2014-12-06,Technology,35.04
2014-12-07,Office Supplies,548.4
2014-12-08,Furniture,723.24
2014-12-08,Office Supplies,215.28
2014-12-08,Technology,156.6
2014-12-09,Office Supplies,442.676
2014-12-09,Technology,1079.976
2014-12-10,Furniture,338.352
2014-12-10,Office Supplies,234.98399999999998
2014-12-12,Furniture,4695.6005000000005
2014-12-12,Office Supplies,242.804
2014-12-13,Furniture,182.38799999999998
2014-12-13,Office Supplies,110.764
2014-12-14,Furniture,322.834
2014-12-14,Office Supplies,19.887999999999998
2014-12-14,Technology,7298.936
2014-12-15,Furniture,1223.786
2014-12-15,Technology,40.68
2014-12-16,Furniture,2798.4320000000002
2014-12-16,Office Supplies,153.639
2014-12-16,Technology,1442.116
2014-12-17,Office Supplies,45.534
2014-12-19,Furniture,1819.86
2014-12-19,Office Supplies,250.156
2014-12-19,Technology,1366.744
2014-12-20,Furniture,4039.814
2014-12-20,Office Supplies,2337.266
2014-12-20,Technology,585.36
2014-12-21,Furniture,1897.92
2014-12-21,Office Supplies,35.519999999999996
2014-12-22,Office Supplies,798.968
2014-12-23,Furniture,118.10000000000001
2014-12-23,Office Supplies,824.008
2014-12-24,Furniture,346.622
2014-12-24,Office Supplies,548.698
2014-12-24,Technology,1054.882
2014-12-26,Furniture,1353.158
2014-12-26,Office Supplies,688.256
2014-12-27,Furniture,1212.798
2014-12-27,Office Supplies,1255.5900000000001
2014-12-27,Technology,498.0
2014-12-28,Office Supplies,3732.2960000000003
2014-12-29,Furniture,143.172
2014-12-29,Office Supplies,505.25199999999995
2014-12-29,Technology,1423.672
2014-12-30,Furniture,523.764
2014-12-30,Office Supplies,774.611
2014-12-30,Technology,874.2760000000001
2014-12-31,Furniture,2584.5280000000002
2014-12-31,Office Supplies,308.72799999999995
2014-12-31,Technology,2360.014
2015-01-02,Furniture,452.45
2015-01-02,Office Supplies,139.08
2015-01-02,Technology,1340.566
2015-01-03,Furniture,1352.3976
2015-01-03,Office Supplies,17.424
2015-01-03,Technology,398.4
2015-01-04,Furniture,192.22
2015-01-04,Office Supplies,72.24000000000001
2015-01-05,Furniture,61.584
2015-01-05,Office Supplies,233.688
2015-01-06,Office Supplies,31.538
2015-01-09,Office Supplies,364.07
2015-01-10,Furniture,1018.104
2015-01-12,Office Supplies,475.548
2015-01-12,Technology,379.066
2015-01-13,Furniture,542.45
2015-01-13,Office Supplies,79.828
2015-01-17,Furniture,254.744
2015-01-17,Office Supplies,95.63999999999999
2015-01-19,Furniture,301.742
2015-01-23,Office Supplies,43.66
2015-01-24,Office Supplies,13.12
2015-01-26,Office Supplies,182.72
2015-01-27,Furniture,2985.906
2015-01-27,Technology,587.346
2015-01-28,Furniture,4297.644
2015-01-30,Furniture,227.36
2015-01-30,Office Supplies,14.304
2015-01-30,Technology,1919.976
2015-01-31,Furniture,53.34
2015-01-31,Office Supplies,45.92
2015-02-03,Furniture,256.202
2015-02-03,Office Supplies,86.664
2015-02-03,Technology,149.97
2015-02-06,Furniture,1552.74
2015-02-06,Office Supplies,861.276
2015-02-06,Technology,18.528
2015-02-07,Office Supplies,324.10999999999996
2015-02-08,Office Supplies,21.11
2015-02-08,Technology,107.982
2015-02-09,Furniture,244.70399999999998
2015-02-09,Office Supplies,40.096
2015-02-09,Technology,500.752
2015-02-10,Office Supplies,77.24
2015-02-14,Office Supplies,58.013999999999996
2015-02-14,Technology,1021.9480000000001
2015-02-15,Office Supplies,627.4800000000001
2015-02-15,Technology,974.9000000000001
2015-02-16,Office Supplies,160.43
2015-02-18,Furniture,35.544
2015-02-18,Office Supplies,70.3
2015-02-20,Office Supplies,286.79
2015-02-20,Technology,29.99
2015-02-21,Office Supplies,2591.1
2015-02-22,Office Supplies,79.36
2015-02-23,Office Supplies,37.775999999999996
2015-02-25,Office Supplies,25.869999999999997
2015-02-27,Furniture,493.92
2015-02-27,Office Supplies,20.451
2015-02-27,Technology,644.9
2015-02-28,Furniture,551.264
2015-03-01,Furniture,1412.7504
2015-03-01,Office Supplies,117.6
2015-03-01,Technology,111.824
2015-03-02,Furniture,787.53
2015-03-02,Office Supplies,112.03999999999999
2015-03-05,Furniture,521.259
2015-03-05,Office Supplies,915.698
2015-03-05,Technology,532.3100000000001
2015-03-06,Furniture,435.26
2015-03-06,Technology,1119.984
2015-03-07,Office Supplies,99.72
2015-03-07,Technology,707.82
2015-03-08,Furniture,1746.95
2015-03-08,Office Supplies,46.396
2015-03-08,Technology,769.95
2015-03-09,Office Supplies,4.608
2015-03-09,Technology,473.4
2015-03-10,Office Supplies,90.93199999999999
2015-03-12,Furniture,37.288
2015-03-12,Office Supplies,13.728000000000002
2015-03-13,Furniture,1384.856
2015-03-14,Office Supplies,707.9000000000001
2015-03-15,Technology,16.776
2015-03-16,Furniture,215.09
2015-03-16,Office Supplies,6929.219999999999
2015-03-16,Technology,85.9
2015-03-17,Office Supplies,33.82
2015-03-17,Technology,15.02
2015-03-19,Furniture,383.4656
2015-03-19,Office Supplies,1665.968
2015-03-19,Technology,3603.506
2015-03-20,Office Supplies,1348.214
2015-03-20,Technology,199.98
2015-03-21,Office Supplies,1270.3790000000001
2015-03-22,Furniture,91.96
2015-03-22,Office Supplies,419.168
2015-03-22,Technology,1970.296
2015-03-23,Furniture,107.772
2015-03-23,Office Supplies,285.56
2015-03-23,Technology,239.97
2015-03-24,Furniture,405.95799999999997
2015-03-24,Office Supplies,6.992
2015-03-26,Furniture,3393.68
2015-03-26,Office Supplies,1212.914
2015-03-26,Technology,16.776
2015-03-27,Office Supplies,83.7
2015-03-28,Office Supplies,77.104
2015-03-28,Technology,166.24
2015-03-29,Furniture,1186.8400000000001
2015-03-29,Office Supplies,318.99
2015-03-29,Technology,53.25
2015-03-30,Furniture,366.744
2015-03-30,Office Supplies,23.52
2015-03-30,Technology,180.96
2015-03-31,Furniture,22.38
2015-03-31,Office Supplies,98.376
2015-03-31,Technology,79.96
2015-04-02,Office Supplies,41.348
2015-04-02,Technology,257.872
2015-04-04,Furniture,108.4
2015-04-04,Office Supplies,765.268
2015-04-04,Technology,610.9300000000001
2015-04-05,Furniture,1799.394
2015-04-05,Office Supplies,877.886
2015-04-05,Technology,296.778
2015-04-06,Office Supplies,114.51599999999999
2015-04-06,Technology,25.488
2015-04-07,Office Supplies,523.484
2015-04-07,Technology,383.952
2015-04-09,Furniture,369.912
2015-04-09,Office Supplies,388.08
2015-04-10,Office Supplies,169.54199999999997
2015-04-11,Furniture,121.888
2015-04-11,Office Supplies,459.36
2015-04-11,Technology,747.098
2015-04-12,Office Supplies,40.74
2015-04-13,Furniture,1811.432
2015-04-13,Office Supplies,202.81400000000002
2015-04-13,Technology,1178.432
2015-04-14,Office Supplies,35.208
2015-04-16,Furniture,1847.8839999999998
2015-04-16,Office Supplies,142.138
2015-04-16,Technology,2171.95
2015-04-17,Office Supplies,1538.176
2015-04-17,Technology,1206.93
2015-04-18,Furniture,152.83599999999998
2015-04-18,Office Supplies,1363.464
2015-04-18,Technology,490.66
2015-04-19,Office Supplies,329.96
2015-04-20,Furniture,595.38
2015-04-20,Office Supplies,311.37600000000003
2015-04-20,Technology,287.97
2015-04-21,Furniture,401.84000000000003
2015-04-21,Office Supplies,21.3
2015-04-21,Technology,469.95
2015-04-22,Office Supplies,64.14
2015-04-22,Technology,88.776
2015-04-24,Office Supplies,25.99
2015-04-25,Furniture,128.058
2015-04-25,Office Supplies,792.888
2015-04-26,Furniture,1592.8495
2015-04-26,Office Supplies,185.28
2015-04-26,Technology,311.976
2015-04-27,Furniture,1267.53
2015-04-27,Office Supplies,72.14
2015-04-27,Technology,1379.92
2015-04-28,Office Supplies,4044.3619999999996
2015-04-29,Office Supplies,7.968
2015-04-30,Furniture,278.295
2015-04-30,Office Supplies,41.129999999999995
2015-04-30,Technology,1252.27
2015-05-01,Furniture,63.552
2015-05-01,Office Supplies,298.636
2015-05-01,Technology,88.752
2015-05-02,Office Supplies,8.856
2015-05-02,Technology,158.376
2015-05-03,Furniture,1509.996
2015-05-03,Office Supplies,321.252
2015-05-03,Technology,367.512
2015-05-04,Furniture,49.088
2015-05-04,Office Supplies,125.93
2015-05-04,Technology,946.344
2015-05-07,Furniture,244.006
2015-05-07,Office Supplies,61.616
2015-05-08,Furniture,339.51599999999996
2015-05-08,Office Supplies,464.538
2015-05-08,Technology,3177.9139999999998
2015-05-09,Office Supplies,48.81
2015-05-10,Office Supplies,107.75399999999999
2015-05-10,Technology,46.688
2015-05-11,Furniture,191.968
2015-05-12,Furniture,21.968
2015-05-12,Office Supplies,217.64600000000002
2015-05-12,Technology,820.7360000000001
2015-05-13,Office Supplies,16.0
2015-05-13,Technology,222.384
2015-05-14,Furniture,1452.7875
2015-05-14,Office Supplies,1688.412
2015-05-15,Office Supplies,69.908
2015-05-16,Technology,255.968
2015-05-17,Office Supplies,134.46800000000002
2015-05-18,Office Supplies,10.86
2015-05-20,Furniture,163.136
2015-05-20,Office Supplies,6.408
2015-05-21,Office Supplies,72.332
2015-05-22,Office Supplies,113.05000000000001
2015-05-22,Technology,3749.0480000000002
2015-05-23,Furniture,75.33
2015-05-23,Office Supplies,1229.626
2015-05-24,Furniture,602.651
2015-05-24,Office Supplies,7.656
2015-05-25,Furniture,14.73
2015-05-25,Office Supplies,1049.664
2015-05-25,Technology,675.024
2015-05-26,Furniture,230.856
2015-05-26,Office Supplies,184.224
2015-05-26,Technology,567.484
2015-05-28,Office Supplies,748.156
2015-05-28,Technology,45.99
2015-05-29,Furniture,358.626
2015-05-29,Office Supplies,846.216
2015-05-30,Office Supplies,160.32
2015-05-30,Technology,520.78
2015-05-31,Furniture,4056.7400000000002
2015-05-31,Office Supplies,1121.398
2015-06-01,Office Supplies,492.31800000000004
2015-06-01,Technology,341.88
2015-06-04,Furniture,35.28
2015-06-04,Office Supplies,47.08
2015-06-04,Technology,1109.95
2015-06-05,Furniture,1522.638
2015-06-05,Office Supplies,10.56
2015-06-07,Office Supplies,59.768
2015-06-08,Furniture,173.208
2015-06-08,Office Supplies,907.528
2015-06-08,Technology,2.376
2015-06-09,Furniture,355.36
2015-06-09,Office Supplies,228.78
2015-06-09,Technology,212.976
2015-06-11,Furniture,1201.7520000000002
2015-06-11,Office Supplies,1868.528
2015-06-11,Technology,303.284
2015-06-12,Furniture,43.296
2015-06-12,Office Supplies,75.196
2015-06-12,Technology,55.984
2015-06-13,Office Supplies,160.948
2015-06-13,Technology,967.95
2015-06-14,Furniture,51.072
2015-06-15,Furniture,404.96000000000004
2015-06-15,Office Supplies,91.93599999999999
2015-06-15,Technology,237.248
2015-06-16,Furniture,197.372
2015-06-16,Office Supplies,3112.552
2015-06-16,Technology,133.98
2015-06-18,Furniture,779.336
2015-06-18,Office Supplies,635.781
2015-06-18,Technology,467.97
2015-06-19,Furniture,12.56
2015-06-19,Office Supplies,433.786
2015-06-20,Furniture,257.64
2015-06-20,Technology,571.904
2015-06-21,Technology,107.976
2015-06-22,Furniture,796.425
2015-06-22,Office Supplies,1222.528
2015-06-23,Furniture,27.42
2015-06-23,Office Supplies,171.41
2015-06-23,Technology,638.128
2015-06-25,Furniture,280.234
2015-06-25,Office Supplies,576.846
2015-06-26,Furniture,332.94
2015-06-26,Office Supplies,245.476
2015-06-26,Technology,1013.78
2015-06-28,Furniture,1104.7
2015-06-28,Office Supplies,281.76599999999996
2015-06-29,Furniture,137.986
2015-06-29,Office Supplies,24.96
2015-06-29,Technology,269.98
2015-07-02,Furniture,950.378
2015-07-02,Office Supplies,607.284
2015-07-02,Technology,74.24
2015-07-03,Furniture,522.332
2015-07-03,Office Supplies,301.65000000000003
2015-07-04,Office Supplies,38.328
2015-07-04,Technology,1099.96
2015-07-05,Furniture,9.856
2015-07-05,Office Supplies,76.99000000000001
2015-07-05,Technology,34.8
2015-07-06,Furniture,642.092
2015-07-06,Office Supplies,612.77
2015-07-06,Technology,124.95
2015-07-08,Office Supplies,21.12
2015-07-09,Furniture,181.96
2015-07-09,Office Supplies,670.202
2015-07-09,Technology,734.952
2015-07-10,Office Supplies,43.286
2015-07-11,Furniture,856.4680000000001
2015-07-11,Office Supplies,369.48400000000004
2015-07-11,Technology,716.0
2015-07-12,Furniture,391.367
2015-07-12,Office Supplies,8.84
2015-07-12,Technology,1652.3600000000001
2015-07-13,Furniture,1931.04
2015-07-13,Office Supplies,102.21600000000001
2015-07-14,Furniture,569.684
2015-07-14,Office Supplies,291.23199999999997
2015-07-16,Furniture,2199.836
2015-07-16,Office Supplies,229.65
2015-07-16,Technology,599.9
2015-07-17,Furniture,427.38599999999997
2015-07-17,Office Supplies,20.696
2015-07-18,Furniture,7.38
2015-07-18,Office Supplies,9.088
2015-07-18,Technology,655.95
2015-07-19,Office Supplies,2.025
2015-07-20,Furniture,1298.374
2015-07-20,Office Supplies,410.01
2015-07-20,Technology,984.7840000000001
2015-07-23,Furniture,128.82
2015-07-23,Office Supplies,79.452
2015-07-24,Furniture,20.94
2015-07-24,Office Supplies,225.15
2015-07-24,Technology,279.86
2015-07-25,Furniture,1625.048
2015-07-25,Office Supplies,146.016
2015-07-25,Technology,623.96
2015-07-26,Furniture,659.517
2015-07-26,Office Supplies,309.708
2015-07-27,Technology,29.97
2015-07-30,Furniture,161.16
2015-07-30,Office Supplies,72.712
2015-07-30,Technology,209.93
2015-07-31,Furniture,1090.782
2015-07-31,Office Supplies,72.03
2015-07-31,Technology,2549.35
2015-08-01,Furniture,1004.976
2015-08-01,Office Supplies,6.72
2015-08-02,Furniture,388.48
2015-08-02,Office Supplies,14.768
2015-08-02,Technology,887.23
2015-08-05,Furniture,14.76
2015-08-05,Office Supplies,57.89
2015-08-06,Furniture,369.1992
2015-08-06,Office Supplies,125.67
2015-08-07,Furniture,212.94
2015-08-07,Office Supplies,260.296
2015-08-07,Technology,494.97
2015-08-08,Furniture,144.784
2015-08-08,Office Supplies,615.328
2015-08-08,Technology,79.99
2015-08-09,Furniture,1755.876
2015-08-09,Office Supplies,1586.786
2015-08-09,Technology,1535.73
2015-08-10,Office Supplies,273.16200000000003
2015-08-10,Technology,578.312
2015-08-11,Furniture,46.152
2015-08-11,Office Supplies,11.96
2015-08-11,Technology,138.0
2015-08-13,Furniture,31.56
2015-08-13,Office Supplies,555.336
2015-08-15,Furniture,104.23
2015-08-15,Office Supplies,393.36
2015-08-16,Furniture,555.822
2015-08-16,Office Supplies,392.18199999999996
2015-08-16,Technology,2430.928
2015-08-17,Office Supplies,98.76
2015-08-17,Technology,282.88
2015-08-21,Furniture,1754.848
2015-08-21,Office Supplies,1050.944
2015-08-21,Technology,21.728
2015-08-22,Office Supplies,66.632
2015-08-23,Office Supplies,950.368
2015-08-23,Technology,251.91
2015-08-24,Furniture,1218.059
2015-08-24,Office Supplies,2175.804
2015-08-24,Technology,3800.9120000000003
2015-08-25,Furniture,68.768
2015-08-25,Office Supplies,109.758
2015-08-27,Office Supplies,639.9739999999999
2015-08-28,Furniture,415.307
2015-08-28,Office Supplies,2132.8900000000003
2015-08-28,Technology,3943.096
2015-08-29,Technology,246.5
2015-08-31,Furniture,1552.831
2015-08-31,Office Supplies,216.52
2015-08-31,Technology,832.446
2015-09-01,Furniture,185.1
2015-09-01,Office Supplies,1222.48
2015-09-01,Technology,959.984
2015-09-03,Furniture,367.72
2015-09-03,Office Supplies,1259.338
2015-09-03,Technology,247.83999999999997
2015-09-04,Office Supplies,316.95799999999997
2015-09-04,Technology,754.326
2015-09-05,Furniture,778.651
2015-09-05,Office Supplies,155.452
2015-09-06,Furniture,549.564
2015-09-06,Office Supplies,71.78999999999999
2015-09-06,Technology,384.3
2015-09-07,Furniture,556.106
2015-09-07,Office Supplies,924.6669999999999
2015-09-07,Technology,1441.894
2015-09-08,Furniture,21.36
2015-09-08,Office Supplies,68.28
2015-09-10,Furniture,648.526
2015-09-10,Office Supplies,767.2
2015-09-11,Furniture,244.24
2015-09-11,Office Supplies,1697.8999999999999
2015-09-11,Technology,19.99
2015-09-12,Office Supplies,205.86
2015-09-12,Technology,501.964
2015-09-13,Furniture,2917.822
2015-09-13,Office Supplies,327.99
2015-09-13,Technology,199.96
2015-09-14,Furniture,1082.886
2015-09-14,Office Supplies,1299.55
2015-09-14,Technology,879.984
2015-09-15,Furniture,1976.884
2015-09-15,Office Supplies,498.996
2015-09-15,Technology,59.97
2015-09-16,Office Supplies,31.12
2015-09-17,Furniture,10006.173999999999
2015-09-17,Office Supplies,493.99399999999997
2015-09-17,Technology,1024.838
2015-09-18,Furniture,24.4
2015-09-18,Office Supplies,1422.88
2015-09-18,Technology,2477.04
2015-09-19,Furniture,122.80000000000001
2015-09-19,Office Supplies,31.36
2015-09-19,Technology,346.22
2015-09-20,Office Supplies,1836.052
2015-09-21,Furniture,3119.064
2015-09-21,Office Supplies,1431.87
2015-09-21,Technology,2431.124
2015-09-22,Furniture,252.57999999999998
2015-09-22,Office Supplies,912.948
2015-09-22,Technology,617.976
2015-09-24,Furniture,1940.51
2015-09-24,Office Supplies,1399.8239999999998
2015-09-24,Technology,880.2600000000001
2015-09-25,Furniture,1454.3480000000002
2015-09-25,Office Supplies,350.579
2015-09-25,Technology,1228.83
2015-09-26,Office Supplies,1378.289
2015-09-26,Technology,2343.984
2015-09-27,Furniture,24.288
2015-09-27,Office Supplies,486.79
2015-09-27,Technology,1871.88
2015-09-28,Office Supplies,713.5999999999999
2015-09-28,Technology,344.764
2015-10-01,Office Supplies,164.866
2015-10-01,Technology,993.548
2015-10-02,Furniture,11.032
2015-10-02,Office Supplies,611.2339999999999
2015-10-02,Technology,647.0
2015-10-03,Furniture,156.156
2015-10-03,Office Supplies,47.078
2015-10-03,Technology,71.98400000000001
2015-10-04,Furniture,457.884
2015-10-04,Office Supplies,47.696
2015-10-05,Furniture,357.462
2015-10-05,Office Supplies,152.59
2015-10-05,Technology,341.04
2015-10-08,Furniture,218.68
2015-10-08,Office Supplies,3.44
2015-10-09,Furniture,389.97
2015-10-09,Office Supplies,462.495
2015-10-09,Technology,1281.0700000000002
2015-10-10,Furniture,362.136
2015-10-10,Office Supplies,1886.058
2015-10-11,Furniture,957.5775
2015-10-11,Office Supplies,22.368
2015-10-11,Technology,31.95
2015-10-12,Furniture,1735.158
2015-10-12,Office Supplies,166.26
2015-10-12,Technology,489.3399999999999
2015-10-13,Furniture,287.94
2015-10-13,Technology,83.72
2015-10-15,Furniture,2601.946
2015-10-15,Office Supplies,13.768
2015-10-15,Technology,603.8399999999999
2015-10-16,Technology,824.97
2015-10-17,Office Supplies,77.88
2015-10-18,Furniture,10.11
2015-10-18,Office Supplies,91.104
2015-10-18,Technology,277.28000000000003
2015-10-19,Office Supplies,1715.14
2015-10-19,Technology,419.95
2015-10-20,Furniture,455.55600000000004
2015-10-20,Office Supplies,24.56
2015-10-20,Technology,239.97
2015-10-22,Office Supplies,15.128
2015-10-23,Furniture,1275.1039999999998
2015-10-23,Office Supplies,140.744
2015-10-23,Technology,846.448
2015-10-24,Furniture,801.633
2015-10-24,Office Supplies,29.512
2015-10-25,Furniture,1126.612
2015-10-25,Office Supplies,139.81
2015-10-25,Technology,158.99
2015-10-26,Office Supplies,1221.029
2015-10-26,Technology,174.304
2015-10-28,Furniture,57.21
2015-10-28,Office Supplies,47.300000000000004
2015-10-29,Office Supplies,244.24
2015-10-30,Furniture,15.488
2015-10-30,Office Supplies,182.91
2015-10-30,Technology,1923.646
2015-10-31,Furniture,748.969
2015-10-31,Office Supplies,1166.2
2015-10-31,Technology,1295.84
2015-11-01,Furniture,1094.388
2015-11-01,Office Supplies,24.567999999999998
2015-11-01,Technology,1987.15
2015-11-02,Furniture,4379.385
2015-11-02,Office Supplies,356.532
2015-11-02,Technology,792.634
2015-11-03,Furniture,1491.4199999999998
2015-11-03,Office Supplies,6.608
2015-11-03,Technology,1302.818
2015-11-05,Furniture,207.0
2015-11-05,Office Supplies,627.874
2015-11-06,Office Supplies,11.481
2015-11-07,Furniture,970.8800000000001
2015-11-07,Office Supplies,1814.283
2015-11-07,Technology,287.91
2015-11-08,Furniture,5252.4259999999995
2015-11-08,Office Supplies,768.761
2015-11-08,Technology,6175.81
2015-11-09,Furniture,1024.38
2015-11-09,Office Supplies,360.082
2015-11-09,Technology,3235.83
2015-11-10,Furniture,29.22
2015-11-10,Office Supplies,2877.794
2015-11-10,Technology,629.89
2015-11-11,Office Supplies,542.178
2015-11-12,Furniture,670.0559999999999
2015-11-12,Office Supplies,357.144
2015-11-12,Technology,100.792
2015-11-13,Furniture,1781.1372000000001
2015-11-13,Office Supplies,600.2040000000001
2015-11-13,Technology,1209.7359999999999
2015-11-14,Furniture,1190.332
2015-11-14,Office Supplies,925.75
2015-11-14,Technology,396.628
2015-11-15,Furniture,39.96
2015-11-15,Office Supplies,662.21
2015-11-16,Furniture,1784.164
2015-11-16,Office Supplies,743.458
2015-11-16,Technology,1544.712
2015-11-17,Furniture,1667.028
2015-11-17,Office Supplies,1802.99
2015-11-17,Technology,415.968
2015-11-19,Furniture,141.96
2015-11-19,Office Supplies,37.064
2015-11-19,Technology,861.76
2015-11-20,Furniture,1656.7
2015-11-20,Office Supplies,637.738
2015-11-20,Technology,566.712
2015-11-21,Furniture,2055.7748
2015-11-21,Office Supplies,506.054
2015-11-21,Technology,1051.746
2015-11-22,Furniture,206.962
2015-11-22,Office Supplies,347.384
2015-11-22,Technology,60.153
2015-11-23,Office Supplies,3142.2079999999996
2015-11-23,Technology,307.98
2015-11-24,Furniture,79.76
2015-11-24,Office Supplies,1125.024
2015-11-24,Technology,13.98
2015-11-25,Office Supplies,13.12
2015-11-26,Furniture,692.472
2015-11-26,Office Supplies,191.62
2015-11-26,Technology,599.99
2015-11-27,Furniture,1315.3955
2015-11-27,Office Supplies,404.77
2015-11-27,Technology,1389.618
2015-11-28,Furniture,625.962
2015-11-28,Office Supplies,590.616
2015-11-28,Technology,647.904
2015-11-29,Furniture,1408.8700000000001
2015-11-29,Office Supplies,1329.818
2015-11-29,Technology,21.48
2015-11-30,Furniture,1115.2
2015-11-30,Office Supplies,410.797
2015-11-30,Technology,272.4
2015-12-01,Furniture,6600.68
2015-12-01,Office Supplies,529.914
2015-12-03,Furniture,440.411
2015-12-03,Office Supplies,907.5260000000001
2015-12-03,Technology,624.708
2015-12-04,Furniture,1200.268
2015-12-04,Office Supplies,2035.484
2015-12-04,Technology,1950.0620000000001
2015-12-05,Furniture,306.53
2015-12-05,Office Supplies,503.808
2015-12-05,Technology,86.98400000000001
2015-12-06,Furniture,390.718
2015-12-06,Office Supplies,2171.83
2015-12-06,Technology,3498.954
2015-12-07,Furniture,363.84000000000003
2015-12-07,Office Supplies,200.518
2015-12-07,Technology,773.94
2015-12-08,Office Supplies,598.368
2015-12-08,Technology,2074.36
2015-12-09,Office Supplies,34.02
2015-12-10,Furniture,1536.8600000000001
2015-12-10,Office Supplies,481.118
2015-12-10,Technology,1062.402
2015-12-11,Furniture,541.862
2015-12-11,Office Supplies,529.748
2015-12-11,Technology,519.284
2015-12-12,Furniture,515.428
2015-12-12,Office Supplies,611.1179999999999
2015-12-12,Technology,322.308
2015-12-13,Office Supplies,243.92000000000002
2015-12-13,Technology,779.466
2015-12-14,Furniture,324.188
2015-12-14,Office Supplies,164.148
2015-12-14,Technology,369.968
2015-12-15,Furniture,262.864
2015-12-15,Office Supplies,158.512
2015-12-15,Technology,5073.42
2015-12-16,Office Supplies,4.98
2015-12-17,Furniture,1245.6419999999998
2015-12-17,Office Supplies,536.866
2015-12-17,Technology,135.984
2015-12-18,Furniture,20.32
2015-12-18,Office Supplies,748.728
2015-12-18,Technology,166.24
2015-12-19,Furniture,1053.164
2015-12-19,Office Supplies,691.908
2015-12-19,Technology,4375.584
2015-12-20,Furniture,373.426
2015-12-20,Office Supplies,217.286
2015-12-20,Technology,516.752
2015-12-21,Furniture,1670.126
2015-12-21,Office Supplies,151.208
2015-12-21,Technology,1436.426
2015-12-22,Furniture,422.625
2015-12-22,Office Supplies,50.688
2015-12-23,Office Supplies,194.32
2015-12-24,Furniture,1563.994
2015-12-24,Office Supplies,428.67
2015-12-24,Technology,5491.902
2015-12-25,Furniture,1433.5639999999999
2015-12-25,Office Supplies,653.564
2015-12-25,Technology,2117.84
2015-12-26,Furniture,326.646
2015-12-26,Office Supplies,234.83999999999997
2015-12-27,Furniture,2477.9031999999997
2015-12-27,Office Supplies,1305.924
2015-12-27,Technology,1364.62
2015-12-28,Office Supplies,24.816
2015-12-28,Technology,54.384
2015-12-29,Office Supplies,6.36
2015-12-30,Office Supplies,414.9
2015-12-30,Technology,2836.44
2015-12-31,Furniture,14.76
2015-12-31,Office Supplies,1366.584
2016-01-02,Furniture,173.94
2016-01-02,Technology,231.98
2016-01-03,Furniture,1592.85
2016-01-03,Office Supplies,126.33999999999999
2016-01-03,Technology,376.64
2016-01-04,Office Supplies,109.252
2016-01-04,Technology,959.968
2016-01-05,Office Supplies,5.248
2016-01-05,Technology,250.656
2016-01-07,Furniture,23.076
2016-01-07,Office Supplies,60.5
2016-01-08,Furniture,1565.88
2016-01-08,Office Supplies,184.494
2016-01-08,Technology,108.784
2016-01-09,Furniture,15.168
2016-01-09,Technology,727.8779999999999
2016-01-10,Furniture,104.77000000000001
2016-01-10,Technology,69.98
2016-01-11,Furniture,54.992
2016-01-11,Office Supplies,78.864
2016-01-11,Technology,15.588
2016-01-14,Furniture,315.776
2016-01-14,Office Supplies,89.568
2016-01-15,Furniture,181.797
2016-01-15,Office Supplies,265.156
2016-01-15,Technology,254.97
2016-01-16,Office Supplies,11.648
2016-01-16,Technology,90.57
2016-01-17,Furniture,322.59
2016-01-17,Technology,717.96
2016-01-21,Furniture,1167.056
2016-01-22,Furniture,575.308
2016-01-22,Office Supplies,176.77
2016-01-22,Technology,165.55200000000002
2016-01-23,Furniture,59.99
2016-01-23,Office Supplies,1572.33
2016-01-23,Technology,99.98
2016-01-24,Office Supplies,31.36
2016-01-25,Furniture,359.702
2016-01-25,Office Supplies,499.01
2016-01-28,Office Supplies,39.68
2016-01-30,Furniture,1109.848
2016-01-30,Office Supplies,557.5
2016-01-30,Technology,1439.968
2016-01-31,Office Supplies,1491.962
2016-01-31,Technology,109.592
2016-02-01,Office Supplies,161.97
2016-02-02,Furniture,92.474
2016-02-02,Office Supplies,154.35999999999999
2016-02-02,Technology,8749.95
2016-02-03,Furniture,866.4
2016-02-04,Furniture,14.368
2016-02-04,Office Supplies,93.02
2016-02-04,Technology,90.48
2016-02-05,Furniture,816.548
2016-02-05,Office Supplies,1428.28
2016-02-05,Technology,749.648
2016-02-06,Furniture,132.224
2016-02-07,Office Supplies,38.182
2016-02-07,Technology,723.96
2016-02-08,Furniture,241.5
2016-02-08,Technology,1127.976
2016-02-09,Technology,121.83
2016-02-11,Technology,69.93
2016-02-12,Office Supplies,1366.04
2016-02-13,Office Supplies,146.82
2016-02-14,Furniture,560.991
2016-02-14,Office Supplies,276.93
2016-02-15,Office Supplies,407.072
2016-02-16,Furniture,935.644
2016-02-16,Office Supplies,110.02399999999999
2016-02-16,Technology,89.97
2016-02-19,Furniture,44.46
2016-02-19,Office Supplies,348.2
2016-02-20,Office Supplies,16.496
2016-02-21,Furniture,204.75
2016-02-21,Office Supplies,1266.406
2016-02-21,Technology,52.97
2016-02-22,Office Supplies,500.96999999999997
2016-02-22,Technology,482.2
2016-02-23,Office Supplies,57.576
2016-02-25,Office Supplies,46.72
2016-02-27,Furniture,16.192
2016-02-27,Office Supplies,227.7
2016-02-28,Office Supplies,36.48
2016-02-29,Office Supplies,111.104
2016-03-01,Furniture,836.592
2016-03-01,Office Supplies,389.3
2016-03-01,Technology,5059.914000000001
2016-03-03,Furniture,1236.606
2016-03-03,Office Supplies,4651.41
2016-03-03,Technology,1376.406
2016-03-04,Office Supplies,155.47
2016-03-04,Technology,159.98
2016-03-05,Office Supplies,162.344
2016-03-06,Furniture,305.02
2016-03-06,Office Supplies,6.105
2016-03-06,Technology,500.178
2016-03-07,Technology,21.072
2016-03-08,Furniture,215.95999999999998
2016-03-08,Office Supplies,474.354
2016-03-08,Technology,1500.496
2016-03-09,Furniture,354.9
2016-03-09,Office Supplies,80.95
2016-03-09,Technology,199.75
2016-03-10,Furniture,176.784
2016-03-10,Office Supplies,119.596
2016-03-10,Technology,7583.354
2016-03-11,Furniture,351.262
2016-03-11,Office Supplies,498.78
2016-03-11,Technology,45.98
2016-03-12,Furniture,770.352
2016-03-12,Office Supplies,924.29
2016-03-13,Furniture,1100.4250000000002
2016-03-13,Office Supplies,6194.303
2016-03-13,Technology,1572.154
2016-03-14,Furniture,476.736
2016-03-14,Office Supplies,192.632
2016-03-15,Furniture,1880.462
2016-03-15,Office Supplies,392.36999999999995
2016-03-15,Technology,83.976
2016-03-17,Furniture,971.5
2016-03-17,Office Supplies,1174.0700000000002
2016-03-17,Technology,214.764
2016-03-18,Furniture,189.882
2016-03-18,Office Supplies,871.8
2016-03-19,Furniture,107.594
2016-03-19,Office Supplies,31.086
2016-03-20,Furniture,783.61
2016-03-20,Office Supplies,47.925000000000004
2016-03-20,Technology,96.77600000000001
2016-03-21,Furniture,627.8019999999999
2016-03-21,Office Supplies,17.904
2016-03-22,Furniture,167.888
2016-03-22,Technology,58.58
2016-03-24,Furniture,301.47
2016-03-24,Office Supplies,41.135999999999996
2016-03-24,Technology,403.168
2016-03-25,Office Supplies,59.52
2016-03-25,Technology,1287.45
2016-03-26,Office Supplies,562.27
2016-03-26,Technology,119.976
2016-03-27,Furniture,60.16
2016-03-27,Office Supplies,32.54
2016-03-28,Office Supplies,125.30000000000001
2016-03-29,Furniture,1558.091
2016-03-29,Office Supplies,130.136
2016-03-29,Technology,971.112
2016-03-30,Office Supplies,11.34
2016-03-31,Furniture,327.996
2016-03-31,Technology,312.76599999999996
2016-04-01,Furniture,1324.532
2016-04-01,Office Supplies,788.8380000000001
2016-04-01,Technology,48.11
2016-04-02,Furniture,1454.9
2016-04-03,Furniture,71.12
2016-04-03,Office Supplies,110.11800000000001
2016-04-03,Technology,259.96
2016-04-04,Furniture,82.64
2016-04-04,Office Supplies,647.6139999999999
2016-04-04,Technology,239.94
2016-04-05,Office Supplies,927.5519999999999
2016-04-05,Technology,118.782
2016-04-06,Technology,1294.75
2016-04-07,Furniture,658.746
2016-04-07,Office Supplies,111.852
2016-04-07,Technology,1199.976
2016-04-08,Furniture,1024.2079999999999
2016-04-08,Office Supplies,1450.268
2016-04-08,Technology,431.928
2016-04-09,Furniture,556.665
2016-04-09,Office Supplies,40.632
2016-04-09,Technology,517.9
2016-04-10,Office Supplies,950.594
2016-04-12,Furniture,1176.5600000000002
2016-04-12,Office Supplies,365.97
2016-04-13,Office Supplies,6.12
2016-04-14,Furniture,1317.336
2016-04-14,Office Supplies,149.236
2016-04-15,Furniture,1121.568
2016-04-15,Office Supplies,379.58399999999995
2016-04-15,Technology,700.704
2016-04-16,Furniture,9.96
2016-04-16,Office Supplies,190.028
2016-04-16,Technology,9135.098
2016-04-17,Furniture,355.24300000000005
2016-04-17,Office Supplies,29.05
2016-04-17,Technology,36.792
2016-04-18,Furniture,472.252
2016-04-18,Office Supplies,2012.7259999999999
2016-04-18,Technology,29.56
2016-04-19,Furniture,205.176
2016-04-19,Office Supplies,1143.016
2016-04-19,Technology,65.94
2016-04-21,Office Supplies,271.616
2016-04-22,Furniture,1414.3700000000001
2016-04-22,Office Supplies,351.095
2016-04-23,Office Supplies,620.378
2016-04-23,Technology,99.99
2016-04-24,Furniture,1325.76
2016-04-24,Office Supplies,22.644
2016-04-24,Technology,258.696
2016-04-25,Office Supplies,25.62
2016-04-25,Technology,82.8
2016-04-26,Furniture,434.646
2016-04-28,Furniture,71.912
2016-04-28,Office Supplies,45.184
2016-04-28,Technology,369.576
2016-04-30,Furniture,134.496
2016-04-30,Office Supplies,7.712
2016-05-01,Furniture,370.62
2016-05-01,Office Supplies,147.246
2016-05-02,Furniture,781.0600000000001
2016-05-02,Office Supplies,317.076
2016-05-03,Furniture,51.968
2016-05-03,Office Supplies,257.61199999999997
2016-05-03,Technology,789.433
2016-05-05,Furniture,2072.464
2016-05-05,Office Supplies,205.168
2016-05-05,Technology,423.648
2016-05-06,Furniture,96.31200000000001
2016-05-06,Office Supplies,114.472
2016-05-06,Technology,26.176
2016-05-07,Furniture,506.444
2016-05-07,Office Supplies,129.632
2016-05-07,Technology,4199.9
2016-05-08,Furniture,211.96
2016-05-08,Office Supplies,1070.172
2016-05-08,Technology,58.112
2016-05-09,Office Supplies,1170.396
2016-05-09,Technology,113.116
2016-05-10,Office Supplies,19.032
2016-05-10,Technology,743.988
2016-05-11,Office Supplies,5.98
2016-05-12,Furniture,10.02
2016-05-12,Office Supplies,156.898
2016-05-12,Technology,751.96
2016-05-14,Furniture,109.576
2016-05-14,Office Supplies,117.226
2016-05-14,Technology,229.128
2016-05-15,Office Supplies,648.9119999999999
2016-05-16,Furniture,282.84
2016-05-16,Office Supplies,597.6199999999999
2016-05-17,Furniture,195.848
2016-05-17,Office Supplies,151.074
2016-05-18,Office Supplies,122.22
2016-05-19,Furniture,717.64
2016-05-19,Office Supplies,864.3679999999999
2016-05-20,Furniture,1049.2
2016-05-20,Office Supplies,58.753
2016-05-20,Technology,1363.96
2016-05-21,Office Supplies,200.378
2016-05-21,Technology,2517.8360000000002
2016-05-22,Furniture,174.286
2016-05-22,Office Supplies,704.45
2016-05-22,Technology,920.464
2016-05-23,Furniture,37.05
2016-05-23,Office Supplies,21.642
2016-05-23,Technology,10502.286
2016-05-24,Office Supplies,277.756
2016-05-25,Furniture,24.96
2016-05-25,Office Supplies,1287.01
2016-05-26,Furniture,941.4440000000001
2016-05-26,Office Supplies,338.856
2016-05-26,Technology,695.056
2016-05-27,Furniture,3535.6600000000003
2016-05-27,Office Supplies,1769.4180000000001
2016-05-28,Furniture,390.272
2016-05-28,Office Supplies,770.652
2016-05-28,Technology,976.4
2016-05-29,Furniture,44.76
2016-05-29,Office Supplies,38.475
2016-05-29,Technology,979.95
2016-05-30,Furniture,3292.308
2016-05-30,Office Supplies,1436.692
2016-05-30,Technology,3361.578
2016-05-31,Furniture,223.143
2016-05-31,Office Supplies,36.016
2016-05-31,Technology,179.7
2016-06-02,Office Supplies,157.844
2016-06-03,Furniture,71.088
2016-06-04,Furniture,810.5409999999999
2016-06-04,Office Supplies,124.148
2016-06-04,Technology,1381.8339999999998
2016-06-05,Office Supplies,659.82
2016-06-06,Furniture,548.96
2016-06-06,Office Supplies,1090.48
2016-06-06,Technology,4386.872
2016-06-07,Office Supplies,51.562
2016-06-09,Furniture,815.292
2016-06-09,Technology,873.1800000000001
2016-06-10,Furniture,1335.68
2016-06-10,Office Supplies,76.71600000000001
2016-06-11,Furniture,915.256
2016-06-11,Office Supplies,78.22
2016-06-11,Technology,629.94
2016-06-12,Furniture,433.396
2016-06-12,Office Supplies,1453.148
2016-06-12,Technology,1076.019
2016-06-13,Office Supplies,52.467999999999996
2016-06-13,Technology,377.97
2016-06-14,Furniture,3353.7290000000003
2016-06-14,Office Supplies,55.616
2016-06-14,Technology,47.754
2016-06-15,Office Supplies,173.488
2016-06-16,Office Supplies,55.8
2016-06-16,Technology,91.475
2016-06-17,Furniture,1685.43
2016-06-17,Office Supplies,718.52
2016-06-17,Technology,596.97
2016-06-18,Office Supplies,541.938
2016-06-19,Office Supplies,17.12
2016-06-20,Furniture,219.258
2016-06-20,Office Supplies,840.6220000000001
2016-06-20,Technology,169.668
2016-06-21,Furniture,353.568
2016-06-21,Office Supplies,223.54000000000002
2016-06-23,Office Supplies,1612.75
2016-06-23,Technology,862.344
2016-06-24,Office Supplies,355.002
2016-06-24,Technology,4955.95
2016-06-25,Furniture,540.016
2016-06-25,Office Supplies,353.25
2016-06-26,Furniture,59.88
2016-06-26,Office Supplies,1549.2240000000002
2016-06-26,Technology,310.496
2016-06-27,Furniture,539.658
2016-06-27,Office Supplies,37.464
2016-06-27,Technology,201.584
2016-06-28,Furniture,121.96
2016-06-28,Office Supplies,395.22
2016-06-28,Technology,359.976
2016-06-29,Office Supplies,191.88
2016-06-30,Furniture,1266.86
2016-06-30,Office Supplies,35.97
2016-06-30,Technology,50.12
2016-07-01,Office Supplies,193.586
2016-07-01,Technology,1530.79
2016-07-02,Furniture,723.6139999999999
2016-07-02,Office Supplies,49.172000000000004
2016-07-03,Office Supplies,847.6999999999999
2016-07-04,Furniture,1329.9650000000001
2016-07-04,Office Supplies,71.88
2016-07-04,Technology,249.456
2016-07-07,Furniture,817.278
2016-07-07,Office Supplies,204.999
2016-07-07,Technology,2859.954
2016-07-08,Furniture,662.88
2016-07-08,Office Supplies,158.048
2016-07-08,Technology,1795.584
2016-07-09,Furniture,573.286
2016-07-10,Office Supplies,553.9040000000001
2016-07-10,Technology,341.991
2016-07-12,Technology,95.76
2016-07-14,Furniture,661.6859999999999
2016-07-14,Office Supplies,548.09
2016-07-14,Technology,940.184
2016-07-15,Furniture,230.28
2016-07-15,Office Supplies,149.92
2016-07-16,Furniture,9.552
2016-07-16,Office Supplies,186.28
2016-07-16,Technology,714.338
2016-07-17,Furniture,37.17
2016-07-17,Office Supplies,1101.526
2016-07-17,Technology,1046.184
2016-07-18,Furniture,1539.17
2016-07-18,Office Supplies,1281.12
2016-07-18,Technology,71.568
2016-07-19,Furniture,690.48
2016-07-19,Office Supplies,420.02000000000004
2016-07-19,Technology,425.954
2016-07-20,Technology,89.95
2016-07-21,Furniture,363.92
2016-07-21,Office Supplies,627.175
2016-07-22,Furniture,39.068
2016-07-22,Office Supplies,1219.03
2016-07-22,Technology,109.95
2016-07-23,Office Supplies,273.976
2016-07-23,Technology,380.611
2016-07-24,Furniture,253.764
2016-07-24,Office Supplies,73.2
2016-07-25,Furniture,3495.4680000000003
2016-07-25,Office Supplies,563.244
2016-07-25,Technology,1861.776
2016-07-28,Furniture,504.87
2016-07-28,Office Supplies,1528.504
2016-07-29,Office Supplies,819.154
2016-07-30,Office Supplies,1770.7759999999998
2016-07-31,Furniture,1136.068
2016-07-31,Office Supplies,283.14
2016-07-31,Technology,754.95
2016-08-01,Furniture,19.312
2016-08-01,Office Supplies,65.608
2016-08-01,Technology,1039.728
2016-08-02,Furniture,136.464
2016-08-02,Office Supplies,12.544
2016-08-02,Technology,333.576
2016-08-03,Office Supplies,81.54
2016-08-03,Technology,167.28
2016-08-04,Furniture,109.8
2016-08-04,Office Supplies,85.726
2016-08-04,Technology,302.384
2016-08-05,Office Supplies,197.05
2016-08-06,Office Supplies,109.22
2016-08-06,Technology,211.168
2016-08-07,Technology,179.97
2016-08-08,Furniture,513.024
2016-08-08,Office Supplies,602.18
2016-08-09,Office Supplies,616.5699999999999
2016-08-09,Technology,44.784
2016-08-11,Office Supplies,151.82
2016-08-12,Furniture,917.2045
2016-08-12,Office Supplies,1634.812
2016-08-12,Technology,1399.944
2016-08-13,Furniture,241.96
2016-08-13,Office Supplies,417.584
2016-08-13,Technology,71.98
2016-08-14,Office Supplies,31.092
2016-08-14,Technology,892.596
2016-08-15,Furniture,537.326
2016-08-15,Office Supplies,199.82
2016-08-15,Technology,943.12
2016-08-16,Furniture,161.28
2016-08-16,Office Supplies,43.26
2016-08-17,Office Supplies,15.712
2016-08-18,Furniture,14.896
2016-08-18,Office Supplies,441.228
2016-08-18,Technology,39.99
2016-08-19,Office Supplies,448.792
2016-08-20,Technology,14.78
2016-08-21,Furniture,4275.522
2016-08-21,Office Supplies,143.856
2016-08-21,Technology,378.914
2016-08-22,Furniture,98.328
2016-08-22,Office Supplies,307.022
2016-08-23,Furniture,555.3119999999999
2016-08-23,Office Supplies,2126.056
2016-08-23,Technology,1505.98
2016-08-26,Furniture,3262.232
2016-08-26,Office Supplies,383.238
2016-08-26,Technology,1228.828
2016-08-27,Furniture,244.615
2016-08-27,Office Supplies,463.326
2016-08-27,Technology,59.97
2016-08-28,Furniture,156.3728
2016-08-28,Office Supplies,57.076
2016-08-28,Technology,108.576
2016-08-29,Furniture,405.79999999999995
2016-08-29,Office Supplies,108.41199999999999
2016-08-29,Technology,117.976
2016-08-30,Furniture,833.784
2016-08-30,Office Supplies,192.22799999999998
2016-08-30,Technology,630.858
2016-08-31,Office Supplies,23.968
2016-09-01,Furniture,191.82
2016-09-01,Office Supplies,4993.393999999999
2016-09-01,Technology,580.938
2016-09-02,Furniture,1476.154
2016-09-02,Office Supplies,689.751
2016-09-02,Technology,4626.2880000000005
2016-09-03,Furniture,642.396
2016-09-03,Office Supplies,1442.4180000000001
2016-09-03,Technology,280.782
2016-09-04,Furniture,130.81
2016-09-04,Office Supplies,1321.322
2016-09-04,Technology,3079.91
2016-09-05,Furniture,3461.917
2016-09-05,Office Supplies,1217.647
2016-09-05,Technology,546.784
2016-09-06,Furniture,722.352
2016-09-06,Office Supplies,229.74
2016-09-06,Technology,361.444
2016-09-08,Furniture,3374.9816
2016-09-08,Office Supplies,966.29
2016-09-08,Technology,152.712
2016-09-09,Furniture,15.008
2016-09-09,Office Supplies,69.984
2016-09-10,Furniture,300.93
2016-09-10,Office Supplies,553.754
2016-09-10,Technology,1239.6399999999999
2016-09-11,Office Supplies,600.6
2016-09-11,Technology,5900.986
2016-09-12,Furniture,1679.8719999999998
2016-09-12,Office Supplies,196.268
2016-09-12,Technology,167.652
2016-09-13,Furniture,1336.44
2016-09-13,Office Supplies,858.3699999999999
2016-09-13,Technology,179.92
2016-09-14,Office Supplies,699.4879999999999
2016-09-14,Technology,437.85
2016-09-15,Furniture,1128.39
2016-09-15,Office Supplies,972.792
2016-09-16,Furniture,395.446
2016-09-16,Office Supplies,30.44
2016-09-17,Furniture,430.00800000000004
2016-09-17,Office Supplies,600.1
2016-09-17,Technology,1013.018
2016-09-18,Furniture,3218.7400000000002
2016-09-18,Office Supplies,1292.3580000000002
2016-09-18,Technology,239.984
2016-09-19,Furniture,1599.324
2016-09-19,Office Supplies,1990.038
2016-09-19,Technology,249.95
2016-09-20,Furniture,279.36
2016-09-20,Office Supplies,952.644
2016-09-22,Furniture,100.672
2016-09-22,Office Supplies,352.982
2016-09-22,Technology,161.916
2016-09-23,Furniture,1114.426
2016-09-23,Office Supplies,207.719
2016-09-24,Furniture,931.202
2016-09-24,Office Supplies,1354.848
2016-09-25,Furniture,1624.567
2016-09-25,Office Supplies,793.862
2016-09-25,Technology,1024.662
2016-09-26,Furniture,1627.4805
2016-09-26,Office Supplies,538.71
2016-09-26,Technology,531.976
2016-09-27,Furniture,956.6648
2016-09-27,Office Supplies,34.737
2016-09-27,Technology,1001.584
2016-09-28,Office Supplies,99.136
2016-09-29,Office Supplies,202.382
2016-09-29,Technology,1105.41
2016-09-30,Furniture,523.92
2016-09-30,Office Supplies,1.964
2016-10-01,Furniture,567.2860000000001
2016-10-01,Office Supplies,64.71600000000001
2016-10-01,Technology,149.412
2016-10-02,Office Supplies,953.022
2016-10-02,Technology,17499.95
2016-10-03,Furniture,1552.508
2016-10-03,Office Supplies,128.188
2016-10-04,Furniture,250.94000000000003
2016-10-04,Office Supplies,209.252
2016-10-04,Technology,5452.59
2016-10-06,Office Supplies,58.730000000000004
2016-10-06,Technology,771.6700000000001
2016-10-07,Office Supplies,136.112
2016-10-07,Technology,837.6
2016-10-08,Furniture,51.712
2016-10-08,Office Supplies,509.824
2016-10-09,Furniture,502.4
2016-10-09,Office Supplies,20.544
2016-10-09,Technology,23.976
2016-10-10,Furniture,225.666
2016-10-10,Office Supplies,41.095
2016-10-10,Technology,15.992
2016-10-11,Office Supplies,33.064
2016-10-13,Furniture,1017.71
2016-10-13,Office Supplies,440.932
2016-10-13,Technology,191.976
2016-10-14,Furniture,102.592
2016-10-14,Office Supplies,291.91200000000003
2016-10-14,Technology,2941.384
2016-10-15,Office Supplies,1614.65
2016-10-15,Technology,5.5
2016-10-16,Furniture,142.182
2016-10-17,Furniture,241.64600000000002
2016-10-17,Office Supplies,2261.73
2016-10-17,Technology,449.97
2016-10-18,Furniture,307.92
2016-10-20,Furniture,504.922
2016-10-20,Office Supplies,123.572
2016-10-20,Technology,317.68
2016-10-21,Furniture,2012.7600000000002
2016-10-21,Office Supplies,5499.44
2016-10-21,Technology,439.392
2016-10-22,Furniture,173.26
2016-10-22,Office Supplies,15.02
2016-10-23,Furniture,16.156
2016-10-23,Office Supplies,451.26599999999996
2016-10-24,Office Supplies,15.552
2016-10-24,Technology,1349.946
2016-10-25,Technology,783.96
2016-10-27,Furniture,758.8240000000001
2016-10-27,Office Supplies,219.96599999999998
2016-10-28,Furniture,1111.368
2016-10-28,Office Supplies,1485.277
2016-10-28,Technology,302.376
2016-10-29,Furniture,67.0
2016-10-29,Office Supplies,64.154
2016-10-30,Office Supplies,159.002
2016-10-31,Furniture,2265.7250000000004
2016-10-31,Office Supplies,1484.7740000000001
2016-11-01,Office Supplies,363.462
2016-11-01,Technology,89.91199999999999
2016-11-03,Furniture,1554.779
2016-11-03,Office Supplies,1913.076
2016-11-03,Technology,334.94100000000003
2016-11-04,Furniture,2007.59
2016-11-04,Office Supplies,1194.828
2016-11-04,Technology,686.4
2016-11-05,Furniture,2964.4408
2016-11-05,Office Supplies,464.82
2016-11-05,Technology,837.638
2016-11-06,Furniture,563.5360000000001
2016-11-06,Office Supplies,209.72
2016-11-07,Furniture,1662.416
2016-11-07,Office Supplies,924.172
2016-11-07,Technology,1223.876
2016-11-08,Furniture,993.9000000000001
2016-11-09,Technology,479.97
2016-11-10,Furniture,1004.988
2016-11-10,Office Supplies,2113.758
2016-11-10,Technology,1604.732
2016-11-11,Furniture,3472.65
2016-11-11,Office Supplies,1021.7280000000001
2016-11-11,Technology,449.918
2016-11-12,Furniture,4158.352
2016-11-12,Office Supplies,520.626
2016-11-12,Technology,235.96
2016-11-13,Furniture,54.08
2016-11-13,Office Supplies,611.0980000000001
2016-11-13,Technology,2279.96
2016-11-14,Furniture,856.56
2016-11-14,Office Supplies,113.596
2016-11-14,Technology,1803.9060000000002
2016-11-15,Furniture,630.024
2016-11-15,Office Supplies,1054.928
2016-11-15,Technology,460.76599999999996
2016-11-16,Office Supplies,36.72
2016-11-17,Office Supplies,75.508
2016-11-17,Technology,67.176
2016-11-18,Furniture,557.068
2016-11-18,Office Supplies,1425.712
2016-11-18,Technology,1976.152
2016-11-19,Furniture,34.288000000000004
2016-11-19,Office Supplies,532.2139999999999
2016-11-19,Technology,71.96
2016-11-20,Furniture,702.0360000000001
2016-11-20,Office Supplies,620.623
2016-11-20,Technology,1747.674
2016-11-21,Furniture,514.21
2016-11-21,Office Supplies,145.82
2016-11-21,Technology,516.861
2016-11-22,Furniture,39.88
2016-11-22,Office Supplies,253.132
2016-11-22,Technology,24.032
2016-11-23,Furniture,84.81599999999999
2016-11-23,Office Supplies,15.8
2016-11-24,Furniture,2324.632
2016-11-24,Office Supplies,1538.086
2016-11-24,Technology,2531.82
2016-11-25,Furniture,1762.962
2016-11-25,Office Supplies,1115.728
2016-11-25,Technology,5099.860999999999
2016-11-26,Furniture,4315.22
2016-11-26,Office Supplies,419.571
2016-11-26,Technology,3594.952
2016-11-27,Furniture,362.583
2016-11-27,Office Supplies,802.554
2016-11-27,Technology,486.102
2016-11-28,Furniture,530.472
2016-11-28,Office Supplies,2456.018
2016-11-28,Technology,441.882
2016-11-29,Furniture,242.176
2016-11-29,Technology,58.416
2016-11-30,Furniture,389.97
2016-11-30,Office Supplies,543.98
2016-11-30,Technology,36.192
2016-12-01,Furniture,1801.2649999999999
2016-12-01,Office Supplies,4382.352
2016-12-01,Technology,1181.838
2016-12-02,Furniture,868.8040000000001
2016-12-02,Office Supplies,3020.2619999999997
2016-12-02,Technology,795.5500000000001
2016-12-03,Furniture,2140.888
2016-12-03,Office Supplies,1478.9779999999998
2016-12-03,Technology,1649.95
2016-12-04,Furniture,113.79
2016-12-04,Office Supplies,752.346
2016-12-04,Technology,78.15
2016-12-05,Furniture,2239.0
2016-12-05,Office Supplies,1793.604
2016-12-05,Technology,1234.4
2016-12-06,Office Supplies,2287.98
2016-12-06,Technology,1590.296
2016-12-08,Furniture,2698.454
2016-12-08,Office Supplies,463.891
2016-12-08,Technology,1546.75
2016-12-09,Furniture,1136.8339999999998
2016-12-09,Office Supplies,588.049
2016-12-09,Technology,130.6
2016-12-10,Furniture,1746.468
2016-12-10,Office Supplies,1668.492
2016-12-10,Technology,44.75
2016-12-11,Furniture,2461.7960000000003
2016-12-11,Office Supplies,1451.6
2016-12-11,Technology,2188.854
2016-12-12,Furniture,477.47
2016-12-12,Office Supplies,211.81300000000002
2016-12-12,Technology,1291.8319999999999
2016-12-13,Furniture,1114.272
2016-12-13,Office Supplies,15.936
2016-12-13,Technology,63.88
2016-12-14,Furniture,611.724
2016-12-14,Office Supplies,216.93
2016-12-15,Furniture,2231.895
2016-12-15,Office Supplies,405.192
2016-12-16,Furniture,563.92
2016-12-16,Office Supplies,43.412000000000006
2016-12-16,Technology,21.21
2016-12-17,Furniture,2003.52
2016-12-17,Office Supplies,10016.014
2016-12-17,Technology,165.6
2016-12-18,Furniture,1183.99
2016-12-18,Office Supplies,4813.818
2016-12-18,Technology,1053.542
2016-12-19,Furniture,759.8900000000001
2016-12-19,Office Supplies,55.221999999999994
2016-12-20,Furniture,18.92
2016-12-20,Office Supplies,49.32
2016-12-20,Technology,66.3
2016-12-22,Furniture,919.3040000000001
2016-12-22,Office Supplies,112.264
2016-12-22,Technology,11.56
2016-12-23,Furniture,1002.84
2016-12-23,Office Supplies,1589.751
2016-12-23,Technology,4373.266
2016-12-24,Furniture,843.52
2016-12-24,Office Supplies,641.0899999999999
2016-12-24,Technology,453.65
2016-12-25,Furniture,6636.862999999999
2016-12-25,Office Supplies,205.13799999999998
2016-12-25,Technology,3646.054
2016-12-26,Furniture,1262.004
2016-12-26,Office Supplies,175.06
2016-12-26,Technology,392.35400000000004
2016-12-27,Furniture,845.488
2016-12-27,Office Supplies,74.00200000000001
2016-12-27,Technology,40.0
2016-12-29,Furniture,825.01
2016-12-29,Office Supplies,452.67
2016-12-30,Furniture,170.786
2016-12-30,Office Supplies,602.988
2016-12-31,Office Supplies,429.392
2016-12-31,Technology,302.376
2017-01-01,Furniture,975.49
2017-01-01,Office Supplies,506.338
2017-01-02,Furniture,913.43
2017-01-02,Office Supplies,453.834
2017-01-02,Technology,712.2900000000001
2017-01-03,Office Supplies,2070.272
2017-01-06,Office Supplies,33.74
2017-01-07,Office Supplies,335.608
2017-01-07,Technology,3059.982
2017-01-08,Furniture,892.98
2017-01-09,Office Supplies,274.491
2017-01-12,Furniture,37.68
2017-01-12,Office Supplies,810.84
2017-01-13,Furniture,212.94
2017-01-13,Office Supplies,4406.39
2017-01-14,Furniture,18.96
2017-01-14,Office Supplies,508.39
2017-01-14,Technology,528.688
2017-01-15,Office Supplies,2029.7040000000002
2017-01-15,Technology,110.576
2017-01-16,Furniture,730.2620000000001
2017-01-16,Office Supplies,5500.03
2017-01-19,Furniture,919.2389999999999
2017-01-19,Office Supplies,664.876
2017-01-19,Technology,429.6
2017-01-20,Furniture,207.846
2017-01-20,Office Supplies,39.239999999999995
2017-01-20,Technology,520.752
2017-01-21,Furniture,84.98
2017-01-21,Office Supplies,1145.78
2017-01-21,Technology,1315.883
2017-01-22,Office Supplies,1212.422
2017-01-22,Technology,2999.95
2017-01-23,Furniture,210.98
2017-01-23,Office Supplies,57.018
2017-01-23,Technology,182.336
2017-01-24,Office Supplies,308.31399999999996
2017-01-24,Technology,110.352
2017-01-26,Furniture,62.72
2017-01-26,Office Supplies,52.629999999999995
2017-01-26,Technology,2939.93
2017-01-27,Office Supplies,14.016
2017-01-27,Technology,317.898
2017-01-28,Furniture,37.74
2017-01-28,Office Supplies,279.9
2017-01-28,Technology,689.88
2017-01-29,Furniture,14.91
2017-01-29,Office Supplies,279.932
2017-01-30,Furniture,643.875
2017-01-30,Office Supplies,290.524
2017-01-30,Technology,2814.9359999999997
2017-02-02,Furniture,296.84000000000003
2017-02-02,Office Supplies,316.56
2017-02-02,Technology,299.954
2017-02-03,Furniture,22.2
2017-02-03,Office Supplies,900.127
2017-02-04,Office Supplies,32.67
2017-02-05,Office Supplies,1891.8120000000001
2017-02-05,Technology,371.2
2017-02-06,Furniture,600.754
2017-02-06,Office Supplies,76.14
2017-02-06,Technology,227.46
2017-02-09,Furniture,25.104
2017-02-09,Office Supplies,620.6759999999999
2017-02-09,Technology,127.984
2017-02-10,Furniture,203.983
2017-02-10,Office Supplies,23.12
2017-02-11,Furniture,1110.704
2017-02-11,Office Supplies,42.036
2017-02-11,Technology,88.776
2017-02-13,Furniture,107.53
2017-02-13,Office Supplies,150.94
2017-02-13,Technology,799.96
2017-02-16,Furniture,608.25
2017-02-16,Office Supplies,714.202
2017-02-16,Technology,14.99
2017-02-17,Furniture,1955.5704
2017-02-17,Office Supplies,359.36499999999995
2017-02-17,Technology,649.8820000000001
2017-02-18,Office Supplies,9.82
2017-02-18,Technology,277.506
2017-02-19,Furniture,44.67
2017-02-19,Office Supplies,1269.9199999999998
2017-02-20,Furniture,477.84400000000005
2017-02-20,Office Supplies,90.91
2017-02-20,Technology,581.536
2017-02-21,Technology,47.904
2017-02-23,Office Supplies,45.839999999999996
2017-02-23,Technology,71.96
2017-02-24,Office Supplies,128.876
2017-02-24,Technology,1319.8
2017-02-25,Furniture,428.70399999999995
2017-02-25,Office Supplies,1.788
2017-02-26,Furniture,984.1840000000001
2017-02-26,Office Supplies,715.35
2017-02-26,Technology,1148.112
2017-02-28,Office Supplies,17.62
2017-03-02,Furniture,441.96
2017-03-02,Office Supplies,331.45
2017-03-02,Technology,676.716
2017-03-03,Furniture,751.004
2017-03-03,Office Supplies,99.67999999999999
2017-03-03,Technology,1149.42
2017-03-04,Furniture,103.5
2017-03-04,Office Supplies,125.32199999999999
2017-03-05,Office Supplies,940.05
2017-03-05,Technology,299.97
2017-03-06,Furniture,71.97
2017-03-06,Office Supplies,499.882
2017-03-06,Technology,206.384
2017-03-07,Office Supplies,117.51
2017-03-07,Technology,49.08
2017-03-08,Office Supplies,843.1
2017-03-09,Office Supplies,30.84
2017-03-09,Technology,679.9639999999999
2017-03-10,Furniture,983.976
2017-03-10,Office Supplies,67.124
2017-03-10,Technology,201.85199999999998
2017-03-11,Furniture,181.484
2017-03-11,Office Supplies,951.4939999999999
2017-03-11,Technology,840.73
2017-03-12,Office Supplies,283.35
2017-03-12,Technology,69.93
2017-03-13,Furniture,89.768
2017-03-13,Office Supplies,2833.674
2017-03-13,Technology,1867.908
2017-03-14,Technology,49.616
2017-03-16,Furniture,51.264
2017-03-16,Office Supplies,653.341
2017-03-16,Technology,1309.776
2017-03-17,Office Supplies,294.386
2017-03-17,Technology,248.36
2017-03-18,Furniture,82.524
2017-03-18,Office Supplies,379.874
2017-03-18,Technology,565.36
2017-03-19,Furniture,728.0899999999999
2017-03-19,Office Supplies,481.154
2017-03-19,Technology,957.004
2017-03-20,Furniture,2.91
2017-03-20,Office Supplies,392.728
2017-03-20,Technology,503.93
2017-03-21,Furniture,1828.0200000000002
2017-03-21,Office Supplies,1504.616
2017-03-23,Furniture,211.84
2017-03-23,Office Supplies,604.268
2017-03-23,Technology,13999.96
2017-03-24,Furniture,479.61
2017-03-24,Office Supplies,281.698
2017-03-24,Technology,495.99
2017-03-25,Furniture,1986.52
2017-03-25,Office Supplies,418.978
2017-03-25,Technology,1161.528
2017-03-26,Furniture,318.408
2017-03-26,Office Supplies,217.342
2017-03-26,Technology,2717.13
2017-03-27,Furniture,2142.244
2017-03-27,Office Supplies,545.1800000000001
2017-03-27,Technology,246.09199999999998
2017-03-28,Furniture,48.04
2017-03-28,Office Supplies,923.942
2017-03-28,Technology,532.72
2017-03-29,Office Supplies,81.4
2017-03-30,Furniture,94.2
2017-03-30,Office Supplies,397.415
2017-03-30,Technology,164.792
2017-03-31,Furniture,296.1128
2017-03-31,Office Supplies,250.488
2017-03-31,Technology,4434.41
2017-04-01,Furniture,828.966
2017-04-01,Office Supplies,320.062
2017-04-01,Technology,4823.96
2017-04-02,Furniture,436.91
2017-04-02,Office Supplies,26.06
2017-04-02,Technology,360.0
2017-04-03,Furniture,25.472
2017-04-03,Office Supplies,7.056
2017-04-04,Office Supplies,264.39
2017-04-04,Technology,544.0799999999999
2017-04-06,Office Supplies,114.41999999999999
2017-04-07,Furniture,1112.5465
2017-04-07,Office Supplies,21.584
2017-04-07,Technology,837.16
2017-04-08,Furniture,637.1399999999999
2017-04-08,Office Supplies,5764.79
2017-04-09,Office Supplies,1626.71
2017-04-10,Furniture,48.992
2017-04-10,Office Supplies,510.81100000000004
2017-04-10,Technology,195.726
2017-04-11,Office Supplies,92.736
2017-04-11,Technology,227.07
2017-04-12,Office Supplies,69.66
2017-04-13,Furniture,436.704
2017-04-13,Office Supplies,909.1199999999999
2017-04-14,Furniture,515.074
2017-04-14,Office Supplies,137.856
2017-04-15,Furniture,196.45
2017-04-15,Office Supplies,135.888
2017-04-16,Furniture,102.833
2017-04-16,Office Supplies,815.616
2017-04-16,Technology,25.98
2017-04-17,Furniture,278.664
2017-04-17,Office Supplies,327.92
2017-04-17,Technology,2824.875
2017-04-20,Furniture,470.394
2017-04-20,Office Supplies,1440.464
2017-04-20,Technology,122.382
2017-04-21,Furniture,1071.42
2017-04-21,Office Supplies,123.628
2017-04-21,Technology,59.516
2017-04-22,Furniture,272.632
2017-04-22,Office Supplies,675.06
2017-04-23,Furniture,567.2520000000001
2017-04-23,Office Supplies,431.222
2017-04-23,Technology,200.748
2017-04-24,Office Supplies,306.578
2017-04-24,Technology,621.98
2017-04-25,Furniture,344.981
2017-04-25,Office Supplies,225.16199999999998
2017-04-25,Technology,107.97
2017-04-26,Furniture,1.988
2017-04-26,Office Supplies,59.620000000000005
2017-04-27,Furniture,359.8456
2017-04-27,Office Supplies,216.73000000000002
2017-04-28,Office Supplies,43.312
2017-04-28,Technology,751.984
2017-04-29,Furniture,1048.35
2017-04-29,Office Supplies,4.91
2017-04-30,Furniture,309.344
2017-04-30,Office Supplies,400.826
2017-04-30,Technology,679.956
2017-05-01,Furniture,4051.5339999999997
2017-05-01,Office Supplies,7.936
2017-05-01,Technology,48.9
2017-05-02,Furniture,129.93
2017-05-02,Office Supplies,109.62
2017-05-02,Technology,159.56
2017-05-03,Furniture,405.918
2017-05-03,Office Supplies,980.428
2017-05-04,Furniture,300.904
2017-05-04,Office Supplies,904.541
2017-05-04,Technology,183.96
2017-05-05,Furniture,89.991
2017-05-05,Office Supplies,95.132
2017-05-06,Furniture,623.4648
2017-05-06,Office Supplies,1332.0249999999999
2017-05-06,Technology,1227.88
2017-05-07,Furniture,1962.0900000000001
2017-05-07,Office Supplies,87.444
2017-05-07,Technology,499.934
2017-05-08,Furniture,176.04999999999998
2017-05-08,Office Supplies,122.55199999999999
2017-05-08,Technology,3359.952
2017-05-09,Furniture,493.85
2017-05-09,Office Supplies,384.392
2017-05-09,Technology,199.98
2017-05-11,Furniture,217.97500000000002
2017-05-11,Office Supplies,231.494
2017-05-12,Furniture,328.33000000000004
2017-05-12,Office Supplies,554.654
2017-05-12,Technology,87.4
2017-05-13,Furniture,458.43
2017-05-13,Office Supplies,2019.978
2017-05-13,Technology,587.97
2017-05-14,Furniture,1179.6699999999998
2017-05-14,Office Supplies,964.53
2017-05-14,Technology,2037.862
2017-05-15,Furniture,303.544
2017-05-15,Office Supplies,77.008
2017-05-15,Technology,40.711999999999996
2017-05-16,Office Supplies,221.024
2017-05-18,Furniture,342.0
2017-05-18,Office Supplies,902.076
2017-05-18,Technology,586.432
2017-05-19,Furniture,2624.58
2017-05-19,Office Supplies,1108.57
2017-05-19,Technology,1186.0320000000002
2017-05-20,Furniture,525.2520000000001
2017-05-20,Office Supplies,1005.998
2017-05-20,Technology,1466.328
2017-05-21,Furniture,520.05
2017-05-21,Office Supplies,17.97
2017-05-22,Furniture,181.986
2017-05-22,Office Supplies,86.116
2017-05-22,Technology,68.46
2017-05-23,Furniture,171.288
2017-05-23,Office Supplies,70.14800000000001
2017-05-25,Furniture,18.84
2017-05-25,Office Supplies,747.186
2017-05-25,Technology,120.0
2017-05-26,Office Supplies,247.16
2017-05-26,Technology,23.08
2017-05-27,Furniture,512.3
2017-05-27,Office Supplies,604.91
2017-05-27,Technology,967.698
2017-05-28,Furniture,799.689
2017-05-28,Office Supplies,158.118
2017-05-28,Technology,522.296
2017-05-29,Furniture,71.664
2017-05-29,Office Supplies,619.444
2017-05-30,Furniture,468.2284
2017-05-30,Office Supplies,76.51
2017-05-30,Technology,192.152
2017-06-01,Furniture,1925.88
2017-06-01,Office Supplies,2850.246
2017-06-01,Technology,282.236
2017-06-02,Office Supplies,132.73600000000002
2017-06-02,Technology,2.97
2017-06-03,Furniture,661.504
2017-06-03,Office Supplies,247.26999999999998
2017-06-03,Technology,2043.262
2017-06-04,Furniture,62.32
2017-06-04,Office Supplies,145.11
2017-06-04,Technology,71.984
2017-06-05,Office Supplies,20.736
2017-06-05,Technology,470.376
2017-06-06,Furniture,4.95
2017-06-06,Office Supplies,26.4
2017-06-08,Furniture,1497.666
2017-06-08,Office Supplies,240.732
2017-06-08,Technology,488.64
2017-06-09,Furniture,132.901
2017-06-09,Office Supplies,806.232
2017-06-10,Furniture,514.165
2017-06-10,Office Supplies,1497.9219999999998
2017-06-10,Technology,501.256
2017-06-11,Furniture,455.212
2017-06-11,Office Supplies,739.8820000000001
2017-06-11,Technology,385.8
2017-06-12,Furniture,1337.124
2017-06-12,Office Supplies,206.948
2017-06-12,Technology,135.89600000000002
2017-06-13,Furniture,761.4380000000001
2017-06-13,Office Supplies,346.596
2017-06-13,Technology,47.984
2017-06-15,Furniture,928.2079999999999
2017-06-15,Office Supplies,481.454
2017-06-15,Technology,2647.848
2017-06-16,Furniture,1514.92
2017-06-16,Office Supplies,471.352
2017-06-16,Technology,737.922
2017-06-17,Furniture,155.25
2017-06-17,Office Supplies,235.582
2017-06-17,Technology,3505.84
2017-06-18,Furniture,917.9235
2017-06-18,Office Supplies,113.232
2017-06-19,Furniture,1306.705
2017-06-19,Office Supplies,583.788
2017-06-19,Technology,225.448
2017-06-20,Office Supplies,134.348
2017-06-20,Technology,893.88
2017-06-21,Furniture,17.92
2017-06-21,Office Supplies,577.736
2017-06-22,Furniture,487.96
2017-06-22,Office Supplies,91.059
2017-06-24,Furniture,449.454
2017-06-24,Office Supplies,838.16
2017-06-25,Furniture,1272.184
2017-06-25,Office Supplies,87.688
2017-06-25,Technology,148.48
2017-06-26,Furniture,800.0020000000001
2017-06-26,Office Supplies,1304.2
2017-06-26,Technology,2119.934
2017-06-27,Furniture,317.94599999999997
2017-06-27,Office Supplies,39.510000000000005
2017-06-27,Technology,1287.45
2017-06-29,Furniture,1381.2932
2017-06-29,Office Supplies,3078.388
2017-06-29,Technology,62.31
2017-06-30,Furniture,2105.661
2017-06-30,Office Supplies,1614.732
2017-06-30,Technology,1001.584
2017-07-01,Office Supplies,639.83
2017-07-02,Office Supplies,169.192
2017-07-03,Furniture,1016.678
2017-07-03,Office Supplies,459.78400000000005
2017-07-03,Technology,5486.942
2017-07-05,Furniture,332.028
2017-07-05,Office Supplies,64.366
2017-07-05,Technology,79.96
2017-07-06,Furniture,361.376
2017-07-06,Office Supplies,19.002000000000002
2017-07-07,Furniture,87.21
2017-07-07,Office Supplies,52.356
2017-07-07,Technology,1480.684
2017-07-08,Furniture,484.1
2017-07-08,Office Supplies,1304.2640000000001
2017-07-08,Technology,191.9
2017-07-09,Furniture,526.45
2017-07-09,Office Supplies,886.784
2017-07-09,Technology,257.98
2017-07-10,Furniture,18.84
2017-07-10,Office Supplies,340.374
2017-07-11,Office Supplies,236.89000000000001
2017-07-11,Technology,1492.002
2017-07-12,Office Supplies,3.816
2017-07-13,Furniture,91.008
2017-07-13,Office Supplies,373.94
2017-07-13,Technology,39.594
2017-07-14,Furniture,692.45
2017-07-14,Office Supplies,405.192
2017-07-14,Technology,2501.292
2017-07-15,Furniture,1847.529
2017-07-15,Office Supplies,242.8
2017-07-15,Technology,41.9
2017-07-16,Furniture,313.724
2017-07-16,Office Supplies,2.912
2017-07-17,Furniture,1241.149
2017-07-17,Office Supplies,200.76
2017-07-17,Technology,749.9639999999999
2017-07-18,Furniture,1473.888
2017-07-18,Office Supplies,32.936
2017-07-18,Technology,599.97
2017-07-20,Furniture,539.4159999999999
2017-07-20,Office Supplies,1353.822
2017-07-20,Technology,389.97
2017-07-21,Furniture,661.44
2017-07-21,Office Supplies,843.86
2017-07-21,Technology,2180.6440000000002
2017-07-22,Furniture,526.344
2017-07-22,Technology,29.97
2017-07-23,Office Supplies,338.488
2017-07-23,Technology,559.7
2017-07-24,Technology,2399.96
2017-07-25,Furniture,456.79999999999995
2017-07-25,Office Supplies,341.942
2017-07-26,Furniture,362.352
2017-07-26,Technology,1649.95
2017-07-27,Furniture,324.65
2017-07-27,Office Supplies,39.16
2017-07-27,Technology,778.8699999999999
2017-07-28,Office Supplies,24.964
2017-07-28,Technology,1145.6
2017-07-29,Furniture,418.63
2017-07-29,Office Supplies,273.332
2017-07-29,Technology,699.332
2017-07-30,Office Supplies,433.426
2017-07-30,Technology,89.95
2017-07-31,Furniture,36.96
2017-07-31,Office Supplies,1157.276
2017-07-31,Technology,363.79200000000003
2017-08-01,Office Supplies,277.724
2017-08-01,Technology,1807.926
2017-08-03,Furniture,307.332
2017-08-03,Office Supplies,184.2
2017-08-03,Technology,39.816
2017-08-04,Office Supplies,20.07
2017-08-05,Office Supplies,423.89599999999996
2017-08-05,Technology,79.78
2017-08-06,Furniture,161.14000000000001
2017-08-06,Office Supplies,437.93600000000004
2017-08-06,Technology,824.95
2017-08-07,Furniture,258.93399999999997
2017-08-07,Office Supplies,2033.69
2017-08-07,Technology,1187.0
2017-08-10,Furniture,121.3
2017-08-10,Office Supplies,247.27999999999997
2017-08-10,Technology,1454.49
2017-08-11,Office Supplies,555.1419999999999
2017-08-11,Technology,153.584
2017-08-12,Furniture,1834.8200000000002
2017-08-12,Office Supplies,1140.7
2017-08-12,Technology,717.564
2017-08-13,Furniture,455.632
2017-08-13,Office Supplies,2185.9480000000003
2017-08-13,Technology,1.584
2017-08-14,Furniture,418.296
2017-08-14,Office Supplies,22.439999999999998
2017-08-15,Office Supplies,1949.872
2017-08-16,Office Supplies,80.564
2017-08-17,Furniture,4970.114
2017-08-17,Office Supplies,4377.0380000000005
2017-08-17,Technology,170.136
2017-08-18,Furniture,204.38
2017-08-18,Office Supplies,4472.954
2017-08-18,Technology,2401.15
2017-08-19,Office Supplies,512.446
2017-08-20,Office Supplies,549.11
2017-08-20,Technology,143.84
2017-08-21,Furniture,2093.584
2017-08-21,Office Supplies,5992.322
2017-08-21,Technology,465.148
2017-08-22,Furniture,524.54
2017-08-23,Furniture,2.784
2017-08-23,Office Supplies,219.664
2017-08-23,Technology,4367.896
2017-08-24,Office Supplies,685.0560000000002
2017-08-25,Furniture,130.98
2017-08-25,Office Supplies,231.008
2017-08-26,Furniture,64.96
2017-08-26,Office Supplies,53.72
2017-08-26,Technology,71.98
2017-08-27,Furniture,2037.74
2017-08-27,Office Supplies,1804.956
2017-08-27,Technology,2347.842
2017-08-28,Furniture,1137.75
2017-08-28,Office Supplies,270.714
2017-08-28,Technology,35.168
2017-08-29,Furniture,148.02
2017-08-29,Office Supplies,87.44800000000001
2017-08-31,Furniture,569.568
2017-08-31,Office Supplies,1243.954
2017-08-31,Technology,1349.308
2017-09-01,Furniture,896.72
2017-09-01,Office Supplies,345.1
2017-09-01,Technology,19.99
2017-09-02,Furniture,2527.552
2017-09-02,Office Supplies,2852.518
2017-09-02,Technology,3974.784
2017-09-03,Furniture,620.631
2017-09-03,Office Supplies,589.448
2017-09-03,Technology,385.77000000000004
2017-09-04,Furniture,3722.982
2017-09-04,Office Supplies,1477.484
2017-09-04,Technology,159.736
2017-09-05,Office Supplies,237.476
2017-09-05,Technology,89.568
2017-09-07,Furniture,470.68800000000005
2017-09-07,Office Supplies,2388.661
2017-09-07,Technology,989.216
2017-09-08,Furniture,1000.239
2017-09-08,Office Supplies,236.072
2017-09-08,Technology,948.016
2017-09-09,Furniture,482.56399999999996
2017-09-09,Office Supplies,1427.003
2017-09-09,Technology,2446.494
2017-09-10,Furniture,362.352
2017-09-10,Office Supplies,1290.5240000000001
2017-09-10,Technology,853.77
2017-09-11,Furniture,2810.894
2017-09-11,Office Supplies,2529.2000000000003
2017-09-11,Technology,223.91199999999998
2017-09-12,Furniture,8.36
2017-09-12,Office Supplies,483.19
2017-09-13,Office Supplies,15.92
2017-09-14,Furniture,830.718
2017-09-14,Office Supplies,1307.08
2017-09-14,Technology,2229.549
2017-09-15,Furniture,2612.768
2017-09-15,Office Supplies,3482.828
2017-09-15,Technology,1189.43
2017-09-16,Furniture,22.512
2017-09-16,Office Supplies,633.1859999999999
2017-09-16,Technology,193.952
2017-09-17,Furniture,2335.29
2017-09-17,Office Supplies,658.206
2017-09-17,Technology,1985.73
2017-09-18,Furniture,30.14
2017-09-18,Office Supplies,872.79
2017-09-18,Technology,609.0
2017-09-19,Furniture,481.804
2017-09-19,Office Supplies,262.954
2017-09-19,Technology,903.4300000000001
2017-09-20,Furniture,5496.174
2017-09-20,Office Supplies,113.824
2017-09-20,Technology,1749.92
2017-09-21,Office Supplies,186.212
2017-09-21,Technology,151.96
2017-09-22,Furniture,254.03
2017-09-22,Office Supplies,5854.139
2017-09-22,Technology,1763.0439999999999
2017-09-23,Furniture,804.732
2017-09-23,Office Supplies,1011.1759999999999
2017-09-23,Technology,579.8779999999999
2017-09-24,Furniture,1427.24
2017-09-24,Office Supplies,438.578
2017-09-24,Technology,4584.644
2017-09-25,Furniture,805.7360000000001
2017-09-25,Office Supplies,486.517
2017-09-25,Technology,119.96
2017-09-26,Furniture,428.37600000000003
2017-09-26,Office Supplies,1058.2
2017-09-28,Furniture,42.016000000000005
2017-09-28,Office Supplies,462.871
2017-09-28,Technology,54.384
2017-09-29,Furniture,553.688
2017-09-29,Office Supplies,813.906
2017-09-29,Technology,576.486
2017-09-30,Office Supplies,380.78
2017-09-30,Technology,159.98
2017-10-01,Furniture,559.76
2017-10-01,Office Supplies,609.066
2017-10-01,Technology,1809.64
2017-10-02,Furniture,2758.4640000000004
2017-10-02,Office Supplies,2139.6240000000003
2017-10-02,Technology,519.934
2017-10-03,Furniture,255.20800000000003
2017-10-03,Office Supplies,1877.302
2017-10-03,Technology,371.97
2017-10-04,Furniture,19.98
2017-10-05,Furniture,935.802
2017-10-05,Office Supplies,228.308
2017-10-05,Technology,5520.505999999999
2017-10-06,Furniture,41.96
2017-10-06,Office Supplies,1137.732
2017-10-06,Technology,319.96
2017-10-07,Furniture,462.43
2017-10-07,Office Supplies,739.822
2017-10-07,Technology,1546.958
2017-10-08,Furniture,145.764
2017-10-08,Office Supplies,83.44
2017-10-08,Technology,379.152
2017-10-09,Furniture,1333.393
2017-10-09,Office Supplies,163.19600000000003
2017-10-10,Furniture,239.358
2017-10-12,Furniture,3123.328
2017-10-12,Office Supplies,233.788
2017-10-12,Technology,2278.238
2017-10-13,Furniture,1514.996
2017-10-13,Office Supplies,6648.882
2017-10-13,Technology,241.924
2017-10-14,Furniture,9.46
2017-10-14,Office Supplies,78.512
2017-10-14,Technology,46.36
2017-10-15,Furniture,532.96
2017-10-15,Office Supplies,484.98
2017-10-16,Furniture,2422.558
2017-10-16,Office Supplies,432.526
2017-10-16,Technology,618.513
2017-10-17,Office Supplies,73.56
2017-10-17,Technology,52.792
2017-10-19,Furniture,531.1622
2017-10-19,Office Supplies,1924.452
2017-10-19,Technology,326.25600000000003
2017-10-20,Furniture,328.29999999999995
2017-10-20,Office Supplies,989.574
2017-10-20,Technology,15.984
2017-10-21,Furniture,1470.238
2017-10-21,Office Supplies,1268.655
2017-10-21,Technology,1798.308
2017-10-22,Furniture,1005.3409999999999
2017-10-22,Office Supplies,468.27799999999996
2017-10-22,Technology,13685.258
2017-10-23,Furniture,1193.4
2017-10-23,Office Supplies,380.07400000000007
2017-10-23,Technology,1778.92
2017-10-24,Furniture,517.405
2017-10-24,Office Supplies,11.68
2017-10-26,Furniture,356.85
2017-10-26,Office Supplies,442.836
2017-10-26,Technology,200.18200000000002
2017-10-27,Furniture,746.241
2017-10-27,Office Supplies,145.095
2017-10-27,Technology,194.98399999999998
2017-10-28,Furniture,77.952
2017-10-28,Office Supplies,280.59799999999996
2017-10-28,Technology,50.176
2017-10-29,Office Supplies,46.96
2017-10-30,Furniture,1301.758
2017-10-30,Office Supplies,2133.092
2017-10-30,Technology,590.88
2017-10-31,Office Supplies,15.16
2017-10-31,Technology,508.768
2017-11-01,Furniture,2665.62
2017-11-01,Office Supplies,255.81
2017-11-02,Furniture,1159.624
2017-11-02,Office Supplies,2025.652
2017-11-02,Technology,3109.1099999999997
2017-11-03,Furniture,2524.05
2017-11-03,Office Supplies,407.50100000000003
2017-11-03,Technology,1605.386
2017-11-04,Furniture,523.764
2017-11-04,Office Supplies,473.76800000000003
2017-11-04,Technology,9670.564
2017-11-05,Furniture,396.024
2017-11-05,Office Supplies,815.552
2017-11-05,Technology,1143.488
2017-11-06,Furniture,2681.362
2017-11-06,Office Supplies,1481.478
2017-11-06,Technology,125.91
2017-11-07,Furniture,623.322
2017-11-07,Office Supplies,160.892
2017-11-07,Technology,1629.164
2017-11-08,Furniture,274.2
2017-11-08,Office Supplies,109.9
2017-11-09,Furniture,883.018
2017-11-09,Office Supplies,2250.7200000000003
2017-11-09,Technology,1617.754
2017-11-10,Furniture,1482.52
2017-11-10,Office Supplies,1444.8280000000002
2017-11-10,Technology,1080.2
2017-11-11,Furniture,123.84
2017-11-11,Office Supplies,1656.194
2017-11-11,Technology,35.184
2017-11-12,Furniture,250.304
2017-11-12,Office Supplies,1375.124
2017-11-12,Technology,1285.9579999999999
2017-11-13,Furniture,2765.6532
2017-11-13,Office Supplies,1971.528
2017-11-13,Technology,1896.239
2017-11-14,Furniture,321.568
2017-11-14,Office Supplies,225.19799999999998
2017-11-14,Technology,287.892
2017-11-15,Furniture,559.2
2017-11-16,Furniture,289.59
2017-11-16,Office Supplies,1225.466
2017-11-16,Technology,3240.178
2017-11-17,Furniture,515.4928
2017-11-17,Office Supplies,1722.21
2017-11-17,Technology,11457.179999999998
2017-11-18,Furniture,152.966
2017-11-18,Office Supplies,1109.32
2017-11-18,Technology,207.47000000000003
2017-11-19,Furniture,2603.165
2017-11-19,Office Supplies,4762.139
2017-11-19,Technology,31.968
2017-11-20,Furniture,880.862
2017-11-20,Office Supplies,274.48199999999997
2017-11-20,Technology,1832.93
2017-11-21,Furniture,98.4
2017-11-21,Office Supplies,382.64
2017-11-21,Technology,1755.144
2017-11-22,Office Supplies,35.712
2017-11-23,Furniture,186.697
2017-11-23,Office Supplies,445.964
2017-11-23,Technology,520.448
2017-11-24,Furniture,1734.028
2017-11-24,Office Supplies,2832.945
2017-11-24,Technology,392.668
2017-11-25,Furniture,2639.309
2017-11-25,Office Supplies,686.928
2017-11-25,Technology,339.91999999999996
2017-11-26,Furniture,1375.6000000000001
2017-11-26,Office Supplies,463.89
2017-11-26,Technology,3208.682
2017-11-27,Furniture,65.78
2017-11-27,Office Supplies,1185.016
2017-11-27,Technology,367.45799999999997
2017-11-28,Furniture,4659.14
2017-11-28,Office Supplies,273.914
2017-11-28,Technology,1979.89
2017-11-29,Furniture,491.888
2017-11-30,Furniture,4129.728
2017-11-30,Office Supplies,1417.566
2017-11-30,Technology,1097.9879999999998
2017-12-01,Furniture,2542.292
2017-12-01,Office Supplies,1371.45
2017-12-01,Technology,1417.436
2017-12-02,Furniture,3527.504
2017-12-02,Office Supplies,2665.612
2017-12-02,Technology,3758.066
2017-12-03,Furniture,591.84
2017-12-03,Office Supplies,447.932
2017-12-03,Technology,364.07
2017-12-04,Furniture,992.782
2017-12-04,Office Supplies,199.138
2017-12-04,Technology,1447.7179999999998
2017-12-05,Furniture,321.48
2017-12-05,Office Supplies,796.0600000000001
2017-12-05,Technology,335.596
2017-12-06,Office Supplies,10.68
2017-12-07,Furniture,82.38
2017-12-07,Office Supplies,2279.774
2017-12-07,Technology,554.36
2017-12-08,Furniture,3368.265
2017-12-08,Office Supplies,2632.752
2017-12-08,Technology,1642.0240000000001
2017-12-09,Furniture,1927.233
2017-12-09,Office Supplies,1447.079
2017-12-09,Technology,2096.078
2017-12-10,Furniture,2102.264
2017-12-10,Office Supplies,973.235
2017-12-10,Technology,798.06
2017-12-11,Furniture,1448.529
2017-12-11,Office Supplies,899.7460000000001
2017-12-11,Technology,475.69
2017-12-13,Furniture,489.01599999999996
2017-12-13,Office Supplies,91.92000000000002
2017-12-14,Furniture,1852.5320000000002
2017-12-14,Office Supplies,320.73199999999997
2017-12-14,Technology,1724.45
2017-12-15,Furniture,22.77
2017-12-15,Office Supplies,87.342
2017-12-15,Technology,196.776
2017-12-16,Furniture,197.712
2017-12-16,Office Supplies,321.09
2017-12-16,Technology,339.9
2017-12-17,Furniture,629.26
2017-12-17,Office Supplies,1398.498
2017-12-18,Furniture,1380.6810000000003
2017-12-18,Office Supplies,2115.91
2017-12-18,Technology,149.32
2017-12-19,Furniture,115.378
2017-12-19,Office Supplies,1780.548
2017-12-20,Office Supplies,377.736
2017-12-21,Furniture,15.92
2017-12-21,Office Supplies,1772.05
2017-12-21,Technology,352.97
2017-12-22,Furniture,4086.456
2017-12-22,Office Supplies,1851.8129999999999
2017-12-22,Technology,1503.752
2017-12-23,Furniture,282.114
2017-12-23,Office Supplies,1149.692
2017-12-23,Technology,494.97
2017-12-24,Furniture,1393.4940000000001
2017-12-24,Office Supplies,1479.638
2017-12-24,Technology,3359.9220000000005
2017-12-25,Furniture,832.454
2017-12-25,Office Supplies,1465.265
2017-12-25,Technology,401.208
2017-12-26,Office Supplies,814.5939999999999
2017-12-27,Office Supplies,13.248
2017-12-27,Technology,164.388
2017-12-28,Furniture,551.2568
2017-12-28,Office Supplies,1091.244
2017-12-28,Technology,14.85
2017-12-29,Furniture,2330.718
2017-12-29,Office Supplies,282.44
2017-12-29,Technology,302.376
2017-12-30,Furniture,323.136
2017-12-30,Office Supplies,299.724
2017-12-30,Technology,90.93
